Rk,Gcar,Gtm,Date,Team,AWAY,Opp,Result,GS,MP,FG,FGA,FG%,3P,3PA,3P%,2P,2PA,2P%,eFG%,FT,FTA,FT%,ORB,DRB,TRB,AST,STL,BLK,TOV,PF,PTS,GmSc,+/-
1,1.0,1,2016-10-26,02114,0,11217,W 122-117,,19:27,3,4,.750,0,0,,3,4,.750,.750,3,4,.750,0,2,2,1,1,2,1,1,9,9.3,0
2,2.0,2,2016-10-27,02114,1,60612,L 99-105,,20:26,4,7,.571,0,1,.000,4,6,.667,.571,0,0,,0,1,1,1,0,0,1,3,8,3.5,-6
3,3.0,3,2016-10-29,02114,1,28202,W 104-98,,12:36,3,6,.500,0,0,,3,6,.500,.500,1,1,1.000,1,0,1,0,0,0,0,1,7,4.3,-1
4,4.0,4,2016-11-02,02114,0,60612,W 107-100,,08:14,1,3,.333,1,2,.500,0,1,.000,.500,0,0,,1,1,2,0,1,0,0,4,3,1.7,0
5,5.0,5,2016-11-03,02114,1,44115,L 122-128,*,35:26,8,16,.500,3,6,.500,5,10,.500,.594,0,1,.000,3,2,5,2,3,1,1,4,19,15.8,15
6,6.0,6,2016-11-06,02114,0,80204,L 107-123,*,20:50,1,7,.143,0,3,.000,1,4,.250,.143,2,2,1.000,2,1,3,4,0,1,1,3,4,2.5,-6
7,7.0,7,2016-11-09,02114,1,20004,L 93-118,*,13:13,1,2,.500,0,0,,1,2,.500,.500,1,2,.500,0,2,2,0,1,0,2,1,3,0.8,-13
8,8.0,8,2016-11-11,02114,0,10001,W 115-87,,17:29,3,9,.333,1,3,.333,2,6,.333,.389,3,8,.375,0,4,4,0,0,1,0,2,10,4.0,9
9,9.0,9,2016-11-12,02114,1,46225,W 105-99,,06:55,0,1,.000,0,1,.000,0,0,,.000,0,0,,0,2,2,1,0,0,0,0,0,0.6,-1
10,10.0,10,2016-11-14,02114,1,70112,L 105-106,,17:26,3,5,.600,0,0,,3,5,.600,.600,2,2,1.000,4,0,4,1,2,0,1,1,8,9.8,-2
11,11.0,11,2016-11-16,02114,0,75219,W 90-83,,11:30,2,3,.667,0,0,,2,3,.667,.667,0,0,,1,2,3,0,1,0,3,2,4,1.2,-2
12,12.0,12,2016-11-18,02114,0,94607,L 88-104,,23:29,4,9,.444,2,6,.333,2,3,.667,.556,1,2,.500,0,1,1,0,0,1,0,3,11,5.7,8
13,13.0,13,2016-11-19,02114,1,48226,W 94-92,,07:30,1,2,.500,1,1,1.000,0,1,.000,.750,2,2,1.000,0,0,0,0,0,0,1,0,5,3.0,-5
14,14.0,14,2016-11-21,02114,1,55403,W 99-93,,13:11,0,1,.000,0,1,.000,0,0,,.000,0,2,.000,0,2,2,1,0,0,0,0,0,-0.2,15
15,15.0,15,2016-11-23,02114,1,11217,W 111-92,,04:28,0,1,.000,0,0,,0,1,.000,.000,0,0,,1,2,3,0,0,0,2,1,0,-1.8,-2
16,16.0,16,2016-11-25,02114,0,78219,L 103-109,,05:37,1,3,.333,0,0,,1,3,.333,.333,0,1,.000,0,2,2,0,0,0,0,1,2,0.1,-5
17,17.0,17,2016-11-28,02114,1,33132,W 112-104,,08:48,0,2,.000,0,1,.000,0,1,.000,.000,0,0,,1,0,1,1,0,0,0,2,0,-0.8,-4
18,18.0,18,2016-11-30,02114,0,48226,L 114-121,,04:24,0,2,.000,0,0,,0,2,.000,.000,0,0,,0,0,0,1,0,0,0,0,0,-0.7,-7
19,19.0,19,2016-12-02,02114,0,95814,W 97-92,,03:53,0,1,.000,0,0,,0,1,.000,.000,0,0,,0,0,0,0,0,0,0,1,0,-1.1,-10
20,20.0,20,2016-12-03,02114,1,19148,W 107-106,,15:16,1,2,.500,0,0,,1,2,.500,.500,2,2,1.000,0,2,2,1,0,1,0,0,4,5.0,2
21,21.0,21,2016-12-05,02114,1,77002,L 106-107,,18:52,3,6,.500,1,2,.500,2,4,.500,.583,0,0,,0,1,1,0,0,0,0,2,7,3.5,4
22,22.0,22,2016-12-07,02114,1,32801,W 117-87,,21:48,5,8,.625,1,3,.333,4,5,.800,.688,2,3,.667,1,1,2,1,0,0,3,3,13,6.5,7
23,23.0,23,2016-12-09,02114,0,51300,L 94-101,,21:39,3,6,.500,1,1,1.000,2,5,.400,.583,0,0,,0,3,3,0,0,1,0,1,7,5.2,6
24,24.0,24,2016-12-11,02114,1,73102,L 96-99,,17:44,4,5,.800,1,1,1.000,3,4,.750,.900,1,1,1.000,1,1,2,1,1,0,1,2,10,9.0,2
25,25.0,25,2016-12-14,02114,1,78219,L 101-108,,10:30,2,3,.667,0,0,,2,3,.667,.667,3,4,.750,1,1,2,0,1,1,2,1,7,5.6,-11
26,26.0,26,2016-12-16,02114,0,28202,W 96-88,,08:48,1,5,.200,0,2,.000,1,3,.333,.200,0,0,,0,1,1,0,0,0,0,1,2,-1.2,-1
27,27.0,27,2016-12-18,02114,1,33132,W 105-95,,07:55,1,2,.500,0,0,,1,2,.500,.500,0,0,,0,0,0,0,0,1,0,0,2,1.7,0
28,28.0,28,2016-12-20,02114,1,38103,W 112-109 (OT),,11:10,1,6,.167,0,3,.000,1,3,.333,.167,0,0,,0,1,1,0,0,0,0,0,2,-1.5,-4
29,29.0,29,2016-12-22,02114,1,46225,W 109-102,,17:51,2,7,.286,0,0,,2,7,.286,.286,0,0,,2,0,2,0,1,0,0,4,4,0.7,4
30,30.0,30,2016-12-23,02114,0,73102,L 112-117,,12:35,2,5,.400,0,0,,2,5,.400,.400,1,1,1.000,2,1,3,1,0,0,0,2,5,3.9,5
31,31.0,31,2016-12-25,02114,1,10001,W 119-114,,06:17,0,1,.000,0,0,,0,1,.000,.000,0,0,,0,2,2,0,0,0,0,0,0,-0.1,-2
32,32.0,32,2016-12-27,02114,0,38103,W 113-103,,04:24,0,0,,0,0,,0,0,,,0,0,,0,0,0,1,0,0,0,0,0,0.7,0
33,33.0,33,2016-12-29,02114,1,44115,L 118-124,,11:50,3,4,.750,0,0,,3,4,.750,.750,0,0,,1,2,3,1,0,0,0,1,6,6.0,8
34,34.0,34,2016-12-30,02114,0,33132,W 117-114,,15:44,3,4,.750,0,1,.000,3,3,1.000,.750,0,0,,0,0,0,1,0,0,0,1,6,4.7,-8
35,35.0,35,2017-01-03,02114,0,84101,W 115-104,,12:55,4,6,.667,1,2,.500,3,4,.750,.750,1,1,1.000,0,3,3,1,0,1,2,1,10,7.3,-10
36,36.0,36,2017-01-06,02114,0,19148,W 110-106,,04:45,0,0,,0,0,,0,0,,,0,0,,0,1,1,0,1,0,1,0,0,0.3,-6
37,37.0,37,2017-01-07,02114,0,70112,W 117-108,,14:09,0,4,.000,0,0,,0,4,.000,.000,0,0,,0,4,4,2,0,0,1,3,0,-2.4,12
38,38.0,38,2017-01-10,02114,1,51300,L 106-114,,07:40,1,3,.333,0,0,,1,3,.333,.333,0,0,,0,1,1,0,0,0,1,1,2,-0.8,-6
39,39.0,40,2017-01-13,02114,1,30313,W 103-101,,07:57,1,5,.200,0,2,.000,1,3,.333,.200,0,0,,0,3,3,0,0,0,0,0,2,-0.2,-6
40,40.0,41,2017-01-16,02114,0,28202,W 108-98,,19:46,4,7,.571,0,0,,4,7,.571,.571,1,1,1.000,0,2,2,2,0,0,0,2,9,6.9,-4
41,41.0,42,2017-01-18,02114,0,10001,L 106-117,,18:58,3,6,.500,0,0,,3,6,.500,.500,6,7,.857,1,3,4,0,0,1,0,2,12,10.1,-8
42,42.0,43,2017-01-21,02114,0,97227,L 123-127 (OT),,12:48,0,2,.000,0,1,.000,0,1,.000,.000,2,2,1.000,0,4,4,0,2,0,1,3,2,1.6,-2
43,43.0,44,2017-01-24,02114,1,20004,L 108-123,,24:17,3,6,.500,1,2,.500,2,4,.500,.583,1,1,1.000,0,5,5,1,0,0,2,2,8,4.4,-11
44,44.0,45,2017-01-25,02114,0,77002,W 120-109,*,13:13,1,4,.250,0,2,.000,1,2,.500,.250,0,0,,0,3,3,0,0,0,3,4,2,-4.1,-4
45,45.0,46,2017-01-27,02114,0,32801,W 128-98,*,30:22,6,13,.462,2,5,.400,4,8,.500,.538,6,8,.750,1,7,8,2,0,0,1,5,20,13.7,14
46,46.0,47,2017-01-28,02114,1,53203,W 112-108 (OT),*,27:51,3,9,.333,1,3,.333,2,6,.333,.389,2,2,1.000,1,7,8,1,2,1,1,3,9,7.9,-4
47,47.0,48,2017-01-30,02114,0,48226,W 113-109,*,18:08,2,6,.333,0,2,.000,2,4,.500,.333,0,0,,0,3,3,1,1,0,0,2,4,2.4,-7
48,48.0,49,2017-02-01,02114,0,51300,W 109-104,*,22:42,2,6,.333,0,1,.000,2,5,.400,.333,4,6,.667,1,0,1,0,1,0,0,2,8,4.7,-9
49,49.0,50,2017-02-03,02114,0,90015,W 113-107,*,32:16,3,7,.429,1,2,.500,2,5,.400,.500,5,6,.833,1,6,7,1,0,0,0,3,12,9.9,0
50,50.0,51,2017-02-05,02114,0,90015,W 107-102,*,24:50,4,10,.400,1,5,.200,3,5,.600,.450,2,4,.500,0,3,3,1,1,0,1,2,11,5.6,0
51,51.0,52,2017-02-08,02114,1,95814,L 92-108,*,26:28,2,5,.400,0,1,.000,2,4,.500,.400,2,2,1.000,0,3,3,0,1,0,3,4,6,0.6,-15
52,52.0,53,2017-02-09,02114,1,97227,W 120-111,*,32:39,3,7,.429,2,3,.667,1,4,.250,.571,6,8,.750,1,6,7,2,1,0,1,1,14,13.0,4
53,53.0,54,2017-02-11,02114,1,84101,W 112-104,*,11:42,1,1,1.000,0,0,,1,1,1.000,1.000,0,0,,0,4,4,0,0,0,0,3,2,1.7,9
54,54.0,58,2017-02-24,02114,1,51300,L 97-107,*,27:42,5,8,.625,2,4,.500,3,4,.750,.750,1,1,1.000,0,0,0,2,1,1,1,3,13,10.3,3
55,55.0,59,2017-02-26,02114,1,48226,W 104-98,*,25:39,5,9,.556,2,2,1.000,3,7,.429,.667,1,3,.333,2,3,5,1,2,0,4,2,13,8.1,13
56,56.0,60,2017-02-27,02114,0,30313,L 98-114,,25:58,6,10,.600,2,4,.500,4,6,.667,.700,1,3,.333,1,4,5,1,1,0,0,1,15,12.8,-15
57,57.0,61,2017-03-01,02114,0,44115,W 103-99,,22:56,3,7,.429,1,4,.250,2,3,.667,.500,1,1,1.000,1,5,6,0,0,1,3,2,8,3.4,-9
58,58.0,62,2017-03-03,02114,1,90015,W 115-95,,22:57,7,13,.538,0,2,.000,7,11,.636,.538,2,3,.667,2,6,8,0,0,0,2,0,16,10.5,-6
59,59.0,63,2017-03-05,02114,1,85004,L 106-109,*,29:52,4,8,.500,1,1,1.000,3,7,.429,.563,5,10,.500,2,4,6,3,1,0,1,4,14,11.1,-6
60,60.0,64,2017-03-06,02114,1,90015,L 102-116,*,26:20,3,5,.600,1,2,.500,2,3,.667,.700,1,1,1.000,1,4,5,4,1,1,1,4,8,9.5,-10
61,61.0,65,2017-03-08,02114,1,94607,W 99-86,,15:00,1,2,.500,0,0,,1,2,.500,.500,1,3,.333,0,3,3,2,0,0,1,0,3,2.5,13
62,62.0,66,2017-03-10,02114,1,80204,L 99-119,,22:16,5,8,.625,2,5,.400,3,3,1.000,.750,2,3,.667,1,1,2,1,0,0,1,4,14,9.1,-21
63,63.0,67,2017-03-12,02114,0,60612,W 100-80,,25:33,4,9,.444,3,6,.500,1,3,.333,.611,0,0,,0,3,3,1,1,0,3,4,11,4.3,6
64,64.0,68,2017-03-15,02114,0,55403,W 117-104,,16:34,2,5,.400,1,2,.500,1,3,.333,.500,0,0,,0,5,5,0,1,0,2,1,5,2.4,1
65,65.0,69,2017-03-17,02114,1,11217,W 98-95,,15:41,0,2,.000,0,2,.000,0,0,,.000,0,0,,0,2,2,0,0,0,0,1,0,-1.2,-13
66,66.0,70,2017-03-19,02114,1,19148,L 99-105,,12:28,1,5,.200,0,2,.000,1,3,.333,.200,0,0,,0,2,2,0,0,0,1,2,2,-2.3,-10
67,67.0,71,2017-03-20,02114,0,20004,W 110-102,,19:48,3,6,.500,0,2,.000,3,4,.750,.500,0,0,,1,2,3,1,1,0,1,3,6,3.8,-6
68,68.0,72,2017-03-22,02114,0,46225,W 109-100,,14:23,3,6,.500,0,2,.000,3,4,.750,.500,0,0,,1,2,3,2,0,0,0,0,6,5.7,3
69,69.0,73,2017-03-24,02114,0,85004,W 130-120,*,25:05,4,8,.500,1,3,.333,3,5,.600,.563,0,1,.000,1,6,7,3,0,1,1,5,9,6.9,12
70,70.0,74,2017-03-26,02114,0,33132,W 112-108,,16:15,4,5,.800,0,1,.000,4,4,1.000,.800,0,0,,0,2,2,2,1,0,0,2,8,8.3,-9
71,71.0,75,2017-03-29,02114,0,53203,L 100-103,,13:19,1,3,.333,1,2,.500,0,1,.000,.500,0,0,,0,1,1,0,0,0,0,0,3,1.6,-21
72,72.0,76,2017-03-31,02114,0,32801,W 117-116,*,22:37,4,9,.444,2,4,.500,2,5,.400,.556,2,2,1.000,0,3,3,0,0,0,1,4,12,5.6,-6
73,73.0,77,2017-04-02,02114,1,10001,W 110-94,*,26:48,5,6,.833,2,3,.667,3,3,1.000,1.000,4,4,1.000,1,1,2,1,0,0,1,4,16,12.9,12
74,74.0,78,2017-04-05,02114,0,44115,L 91-114,,19:14,1,7,.143,0,3,.000,1,4,.250,.143,0,0,,0,2,2,1,1,1,2,1,2,-1.9,2
75,75.0,79,2017-04-06,02114,1,30313,L 116-123,,16:44,2,5,.400,1,2,.500,1,3,.333,.500,2,2,1.000,0,1,1,3,0,0,2,3,7,3.5,5
76,76.0,80,2017-04-08,02114,1,28202,W 121-114,,17:27,4,7,.571,2,3,.667,2,4,.500,.714,0,0,,1,2,3,0,0,0,0,1,10,7.6,-4
77,77.0,81,2017-04-10,02114,0,11217,W 114-105,,17:56,1,5,.200,1,3,.333,0,2,.000,.300,0,0,,0,1,1,1,1,0,2,0,3,-0.1,-1
78,78.0,82,2017-04-12,02114,0,53203,W 112-94,,22:05,5,10,.500,0,2,.000,5,8,.625,.500,0,1,.000,2,2,4,1,1,0,1,0,10,7.3,8
1,79.0,1,2017-10-17,02114,1,44115,L 99-102,*,39:36,11,23,.478,2,9,.222,9,14,.643,.522,1,2,.500,1,5,6,0,2,0,3,5,25,12.1,-5
2,80.0,2,2017-10-18,02114,0,53203,L 100-108,*,28:09,6,11,.545,2,3,.667,4,8,.500,.636,4,5,.800,1,4,5,3,0,0,0,6,18,13.9,0
3,81.0,3,2017-10-20,02114,1,19148,W 102-92,*,36:56,4,13,.308,1,4,.250,3,9,.333,.346,0,3,.000,0,8,8,0,2,0,0,2,9,3.9,15
4,82.0,4,2017-10-24,02114,0,10001,W 110-89,*,32:07,9,16,.563,3,6,.500,6,10,.600,.656,2,3,.667,0,4,4,0,1,1,0,4,23,16.3,11
5,83.0,5,2017-10-26,02114,1,53203,W 96-89,*,34:17,2,10,.200,2,6,.333,0,4,.000,.300,3,6,.500,3,6,9,0,1,1,1,1,9,5.8,5
6,84.0,6,2017-10-28,02114,1,33132,W 96-90,*,31:48,1,7,.143,0,2,.000,1,5,.200,.143,4,6,.667,1,4,5,1,0,0,4,2,6,-1.5,18
7,85.0,7,2017-10-30,02114,0,78219,W 108-94,*,30:09,6,11,.545,1,3,.333,5,8,.625,.591,5,5,1.000,0,4,4,2,1,0,2,2,18,13.5,17
8,86.0,8,2017-11-01,02114,0,95814,W 113-86,*,24:41,7,8,.875,5,6,.833,2,2,1.000,1.188,3,5,.600,0,6,6,1,0,0,1,2,22,19.1,16
9,87.0,9,2017-11-03,02114,1,73102,W 101-94,*,30:38,3,8,.375,1,3,.333,2,5,.400,.438,3,8,.375,3,9,12,1,1,0,0,1,10,9.7,4
10,88.0,10,2017-11-05,02114,1,32801,W 104-88,*,27:58,7,13,.538,3,5,.600,4,8,.500,.654,1,3,.333,2,5,7,1,2,0,3,2,18,12.7,1
11,89.0,11,2017-11-06,02114,1,30313,W 110-107,*,30:35,4,10,.400,1,5,.200,3,5,.600,.450,2,2,1.000,1,3,4,1,0,0,2,4,11,4.3,-2
12,90.0,12,2017-11-08,02114,0,90015,W 107-96,*,32:51,3,11,.273,0,3,.000,3,8,.375,.273,3,4,.750,2,9,11,2,1,0,2,1,9,6.2,11
13,91.0,13,2017-11-10,02114,0,28202,W 90-87,*,35:34,3,14,.214,1,5,.200,2,9,.222,.250,3,4,.750,2,11,13,0,1,1,2,3,10,4.2,9
14,92.0,14,2017-11-12,02114,0,51300,W 95-94,*,32:35,8,15,.533,2,3,.667,6,12,.500,.600,0,0,,3,0,3,3,2,0,2,3,18,13.7,6
15,93.0,15,2017-11-14,02114,1,11217,W 109-102,*,31:27,5,9,.556,1,4,.250,4,5,.800,.611,3,4,.750,0,4,4,3,3,0,2,2,14,12.8,24
16,94.0,16,2017-11-16,02114,0,94607,W 92-88,*,34:06,7,18,.389,3,8,.375,4,10,.400,.472,5,6,.833,3,4,7,0,2,2,0,3,22,17.3,8
17,95.0,17,2017-11-18,02114,1,30313,W 110-99,*,35:29,10,13,.769,4,6,.667,6,7,.857,.923,3,7,.429,0,4,4,0,1,0,1,4,27,19.9,8
18,96.0,18,2017-11-20,02114,1,75219,W 110-102 (OT),*,37:06,8,13,.615,3,6,.500,5,7,.714,.731,3,6,.500,0,9,9,0,1,0,3,2,22,14.8,6
19,97.0,19,2017-11-22,02114,1,33132,L 98-104,*,30:58,6,10,.600,2,3,.667,4,7,.571,.700,0,0,,0,3,3,1,1,0,3,6,14,6.6,2
20,98.0,20,2017-11-24,02114,0,32801,W 118-103,*,27:34,5,14,.357,2,4,.500,3,10,.300,.429,1,2,.500,0,2,2,4,2,1,0,2,13,10.1,20
21,99.0,22,2017-11-27,02114,0,48226,L 108-118,*,32:34,4,10,.400,1,3,.333,3,7,.429,.450,0,2,.000,0,6,6,1,0,0,0,2,9,4.5,-14
22,100.0,23,2017-11-30,02114,0,19148,W 108-97,*,21:37,1,6,.167,0,3,.000,1,3,.333,.167,0,0,,2,1,3,2,1,0,4,4,2,-3.3,-9
23,101.0,24,2017-12-02,02114,0,85004,W 116-111,*,32:18,4,8,.500,3,5,.600,1,3,.333,.688,6,8,.750,0,0,0,2,2,1,1,3,17,14.1,-8
24,102.0,25,2017-12-04,02114,0,53203,W 111-100,*,22:58,4,9,.444,0,2,.000,4,7,.571,.444,0,0,,3,4,7,2,0,0,1,3,8,5.8,6
25,103.0,27,2017-12-08,02114,1,78219,L 102-105,*,30:41,7,10,.700,1,3,.333,6,7,.857,.750,0,2,.000,1,4,5,2,1,0,3,1,15,10.9,14
26,104.0,28,2017-12-10,02114,1,48226,W 91-81,*,30:31,5,11,.455,0,2,.000,5,9,.556,.455,2,3,.667,0,3,3,1,0,0,2,2,12,4.7,16
27,105.0,29,2017-12-11,02114,1,60612,L 85-108,*,28:36,5,12,.417,3,7,.429,2,5,.400,.542,0,0,,1,7,8,1,0,0,3,2,13,6.3,-8
28,106.0,30,2017-12-13,02114,0,80204,W 124-118,*,32:52,9,12,.750,3,4,.750,6,8,.750,.875,5,6,.833,2,3,5,1,3,1,3,2,26,23.7,-5
29,107.0,31,2017-12-15,02114,0,84101,L 95-107,*,32:02,3,8,.375,0,3,.000,3,5,.600,.375,0,1,.000,0,6,6,0,4,2,2,4,6,4.8,1
30,108.0,32,2017-12-16,02114,1,38103,W 102-93,*,33:14,3,9,.333,2,6,.333,1,3,.333,.444,1,1,1.000,2,4,6,0,1,1,3,3,9,4.0,4
31,109.0,33,2017-12-18,02114,1,46225,W 112-111,*,27:19,5,9,.556,2,4,.500,3,5,.600,.667,1,5,.200,2,1,3,1,1,0,1,6,13,7.1,5
32,110.0,34,2017-12-20,02114,0,33132,L 89-90,*,31:30,6,10,.600,3,5,.600,3,5,.600,.750,1,2,.500,0,4,4,1,1,2,2,3,16,12.1,9
33,111.0,36,2017-12-23,02114,0,60612,W 117-92,*,27:07,7,10,.700,4,6,.667,3,4,.750,.900,2,4,.500,0,5,5,3,1,0,1,3,20,17.4,28
34,112.0,37,2017-12-25,02114,0,20004,L 103-111,*,31:46,3,9,.333,0,5,.000,3,4,.750,.333,2,5,.400,0,9,9,0,0,0,1,4,8,1.8,-11
35,113.0,40,2017-12-31,02114,0,11217,W 108-105,*,34:32,5,10,.500,3,5,.600,2,5,.400,.650,0,2,.000,1,2,3,2,1,2,2,2,13,9.5,0
36,114.0,41,2018-01-03,02114,0,44115,W 102-88,*,29:28,5,13,.385,1,6,.167,4,7,.571,.423,3,3,1.000,1,7,8,4,2,0,1,2,14,12.7,12
37,115.0,42,2018-01-05,02114,0,55403,W 91-84,*,32:46,4,15,.267,1,6,.167,3,9,.333,.300,2,2,1.000,2,3,5,1,0,2,1,5,11,3.5,3
38,116.0,43,2018-01-06,02114,1,11217,W 87-85,*,34:58,2,8,.250,0,1,.000,2,7,.286,.250,0,4,.000,1,4,5,1,0,0,0,0,4,0.2,1
39,117.0,44,2018-01-11,02114,1,19148,W 114-103,*,31:44,8,15,.533,2,4,.500,6,11,.545,.600,3,5,.600,3,1,4,2,3,0,2,2,21,16.9,34
40,118.0,45,2018-01-16,02114,0,70112,L 113-116 (OT),*,31:55,7,14,.500,2,7,.286,5,7,.714,.571,0,1,.000,1,3,4,5,1,0,3,2,16,10.9,7
41,119.0,46,2018-01-18,02114,0,19148,L 80-89,*,33:55,4,12,.333,2,7,.286,2,5,.400,.417,2,3,.667,0,3,3,4,1,0,1,4,12,6.9,-9
42,120.0,47,2018-01-21,02114,0,32801,L 95-103,*,36:45,7,12,.583,1,3,.333,6,9,.667,.625,2,2,1.000,1,6,7,1,0,1,4,3,17,10.1,2
43,121.0,48,2018-01-23,02114,1,90015,L 107-108,*,25:39,4,11,.364,1,5,.200,3,6,.500,.409,0,0,,0,2,2,2,1,0,0,2,9,5.1,-1
44,122.0,49,2018-01-24,02114,1,90015,W 113-102,*,28:29,2,10,.200,0,3,.000,2,7,.286,.200,5,6,.833,2,6,8,2,2,0,4,4,9,3.4,6
45,123.0,50,2018-01-27,02114,1,94607,L 105-109,*,34:32,6,9,.667,3,4,.750,3,5,.600,.833,5,6,.833,0,2,2,0,0,0,2,3,20,13.1,-8
46,124.0,51,2018-01-29,02114,1,80204,W 111-110,*,33:52,4,11,.364,1,5,.200,3,6,.500,.409,0,0,,1,5,6,2,0,0,1,3,9,4.3,-13
47,125.0,52,2018-01-31,02114,0,10001,W 103-73,*,27:53,6,14,.429,1,3,.333,5,11,.455,.464,1,2,.500,0,4,4,3,0,0,0,1,14,9.1,10
48,126.0,53,2018-02-02,02114,0,30313,W 119-110,*,33:27,7,14,.500,3,5,.600,4,9,.444,.607,2,2,1.000,1,2,3,4,0,0,3,6,19,10.7,5
49,127.0,54,2018-02-04,02114,0,97227,W 97-96,*,34:16,6,15,.400,4,7,.571,2,8,.250,.533,0,0,,0,6,6,4,1,0,1,2,16,11.7,4
50,128.0,55,2018-02-06,02114,1,51300,L 91-111,*,27:06,4,5,.800,1,1,1.000,3,4,.750,.900,2,4,.500,0,6,6,2,0,1,4,4,11,6.6,-14
51,129.0,56,2018-02-08,02114,1,20004,W 110-104 (OT),*,37:33,7,16,.438,3,8,.375,4,8,.500,.531,1,2,.500,0,4,4,3,1,1,2,3,18,11.0,6
52,130.0,57,2018-02-09,02114,0,46225,L 91-97,*,28:23,7,13,.538,2,7,.286,5,6,.833,.615,0,2,.000,0,1,1,1,1,0,2,2,16,8.1,4
53,131.0,58,2018-02-11,02114,0,44115,L 99-121,*,32:20,2,9,.222,0,5,.000,2,4,.500,.222,1,2,.500,1,6,7,1,0,0,1,2,5,0.5,-15
54,132.0,59,2018-02-14,02114,0,90015,L 119-129,*,35:35,4,12,.333,2,5,.400,2,7,.286,.417,2,2,1.000,3,5,8,1,1,0,2,4,12,6.9,4
55,133.0,60,2018-02-23,02114,1,48226,W 110-98,*,24:09,2,8,.250,0,2,.000,2,6,.333,.250,4,4,1.000,1,2,3,2,1,1,0,1,8,7.2,2
56,134.0,61,2018-02-24,02114,1,10001,W 121-112,*,29:21,10,18,.556,2,5,.400,8,13,.615,.611,2,3,.667,0,3,3,1,0,0,0,0,24,16.6,12
57,135.0,62,2018-02-26,02114,0,38103,W 109-98,*,25:43,4,11,.364,2,6,.333,2,5,.400,.455,3,4,.750,3,1,4,3,0,1,0,1,13,11.3,-5
58,136.0,63,2018-02-28,02114,0,28202,W 134-106,*,23:01,4,7,.571,0,1,.000,4,6,.667,.571,7,7,1.000,0,5,5,4,1,0,0,2,15,16.2,28
59,137.0,64,2018-03-03,02114,1,77002,L 120-123,*,23:42,4,8,.500,1,2,.500,3,6,.500,.563,0,0,,1,1,2,1,1,0,2,4,9,4.1,-9
60,138.0,65,2018-03-05,02114,1,60612,W 105-89,*,28:10,9,13,.692,1,4,.250,8,9,.889,.731,2,2,1.000,0,4,4,3,0,0,3,0,21,15.8,29
61,139.0,66,2018-03-08,02114,1,55403,W 117-109,*,28:09,4,10,.400,1,2,.500,3,8,.375,.450,5,5,1.000,3,2,5,0,0,0,0,0,14,11.3,12
62,140.0,73,2018-03-25,02114,1,95814,W 104-93,*,25:11,6,10,.600,1,3,.333,5,7,.714,.650,6,6,1.000,0,2,2,1,1,1,4,3,19,12.2,24
63,141.0,74,2018-03-26,02114,1,85004,W 102-94,*,25:01,3,11,.273,1,1,1.000,2,10,.200,.318,0,0,,1,4,5,3,2,0,4,1,7,2.1,5
64,142.0,75,2018-03-28,02114,1,84101,W 97-94,*,30:09,6,10,.600,3,3,1.000,3,7,.429,.750,6,8,.750,3,2,5,3,2,0,4,3,21,17.2,5
65,143.0,76,2018-03-31,02114,0,51300,W 110-99,*,30:11,2,8,.250,0,1,.000,2,7,.286,.250,0,0,,0,3,3,0,2,1,0,3,4,1.6,0
66,144.0,77,2018-04-03,02114,1,53203,L 102-106,*,36:05,9,15,.600,1,3,.333,8,12,.667,.633,5,7,.714,1,3,4,2,2,1,3,2,24,18.2,0
67,145.0,78,2018-04-04,02114,1,51300,L 78-96,*,28:07,4,9,.444,1,2,.500,3,7,.429,.500,0,1,.000,0,2,2,0,1,0,2,4,9,1.9,-9
68,146.0,79,2018-04-06,02114,0,60612,W 111-104,*,29:38,11,19,.579,7,10,.700,4,9,.444,.763,3,5,.600,0,4,4,2,0,0,4,1,32,20.5,9
69,147.0,80,2018-04-08,02114,0,30313,L 106-112,*,28:28,5,10,.500,0,2,.000,5,8,.625,.500,2,5,.400,0,2,2,2,1,1,1,0,12,8.5,7
70,148.0,81,2018-04-10,02114,1,20004,L 101-113,*,31:59,8,18,.444,6,10,.600,2,8,.250,.611,5,6,.833,0,1,1,2,2,0,3,1,27,17.5,-8
1,149.0,1,2018-10-16,02114,0,19148,W 105-87,*,28:23,5,13,.385,1,3,.333,4,10,.400,.423,1,2,.500,3,2,5,2,0,0,2,4,12,5.0,11
2,150.0,2,2018-10-19,02114,1,51300,L 101-113,*,24:10,5,10,.500,3,6,.500,2,4,.500,.650,0,2,.000,1,3,4,0,0,0,1,4,13,6.2,0
3,151.0,3,2018-10-20,02114,1,10001,W 103-101,*,38:27,2,9,.222,0,2,.000,2,7,.286,.222,3,3,1.000,2,3,5,2,1,0,2,3,7,3.0,1
4,152.0,4,2018-10-22,02114,0,32801,L 90-93,*,31:18,2,9,.222,1,4,.250,1,5,.200,.278,0,0,,0,5,5,3,0,1,1,3,5,1.6,-15
5,153.0,5,2018-10-25,02114,1,73102,W 101-95,*,23:47,1,8,.125,0,2,.000,1,6,.167,.125,4,6,.667,3,0,3,2,1,0,1,2,6,2.7,-11
6,154.0,6,2018-10-27,02114,1,48226,W 109-89,*,25:15,6,13,.462,3,7,.429,3,6,.500,.577,4,6,.667,0,2,2,1,1,1,2,4,19,10.9,24
7,155.0,7,2018-10-30,02114,0,48226,W 108-105,*,32:12,6,13,.462,1,4,.250,5,9,.556,.500,1,2,.500,1,4,5,3,1,1,0,2,14,11.8,1
8,156.0,9,2018-11-03,02114,1,46225,L 101-102,*,31:06,5,14,.357,1,5,.200,4,9,.444,.393,1,2,.500,2,5,7,0,0,2,2,1,12,5.7,-12
9,157.0,10,2018-11-05,02114,1,80204,L 107-115,*,28:49,7,14,.500,1,4,.250,6,10,.600,.536,0,0,,1,3,4,0,1,0,0,1,15,10.2,8
10,158.0,11,2018-11-08,02114,1,85004,W 116-109 (OT),*,38:37,6,13,.462,1,3,.333,5,10,.500,.500,4,6,.667,1,5,6,1,0,0,2,2,17,9.6,8
11,159.0,12,2018-11-09,02114,1,84101,L 115-123,*,29:54,4,17,.235,1,7,.143,3,10,.300,.265,0,0,,1,3,4,1,0,1,0,4,9,0.1,-17
12,160.0,13,2018-11-11,02114,1,97227,L 94-100,*,28:37,2,7,.286,1,4,.250,1,3,.333,.357,2,2,1.000,0,1,1,0,1,0,2,3,7,1.0,-10
13,161.0,14,2018-11-14,02114,0,60612,W 111-82,*,25:23,8,14,.571,2,4,.500,6,10,.600,.643,0,0,,0,6,6,3,1,0,3,1,18,12.9,12
14,162.0,15,2018-11-16,02114,0,51300,W 123-116 (OT),*,25:20,3,11,.273,1,5,.200,2,6,.333,.318,0,0,,3,1,4,0,0,1,2,2,7,0.8,3
15,163.0,16,2018-11-17,02114,0,84101,L 86-98,*,24:43,1,9,.111,1,6,.167,0,3,.000,.167,0,0,,2,1,3,1,0,0,0,2,3,-1.3,-7
16,164.0,17,2018-11-19,02114,1,28202,L 112-117,*,19:25,4,6,.667,1,3,.333,3,3,1.000,.750,1,2,.500,0,2,2,2,0,1,0,2,10,8.9,5
17,165.0,18,2018-11-21,02114,0,10001,L 109-117,*,25:58,4,10,.400,0,3,.000,4,7,.571,.400,3,6,.500,1,4,5,0,2,2,2,2,11,6.9,-15
18,166.0,19,2018-11-23,02114,1,30313,W 114-96,*,21:18,4,7,.571,0,3,.000,4,4,1.000,.571,2,4,.500,1,1,2,3,2,0,2,2,10,8.2,2
19,167.0,20,2018-11-24,02114,1,75219,L 104-113,*,30:24,7,9,.778,0,0,,7,9,.778,.778,2,2,1.000,0,5,5,0,1,1,2,3,16,12.5,-11
20,168.0,24,2018-12-06,02114,0,10001,W 128-100,,25:12,7,10,.700,0,2,.000,7,8,.875,.700,7,9,.778,0,3,3,2,0,0,2,5,21,14.3,16
21,169.0,25,2018-12-08,02114,1,60612,W 133-77,,28:29,8,11,.727,3,3,1.000,5,8,.625,.864,4,4,1.000,1,4,5,3,2,0,1,1,23,23.1,26
22,170.0,26,2018-12-10,02114,0,70112,W 113-100,,24:43,6,16,.375,4,7,.571,2,9,.222,.500,3,4,.750,3,4,7,3,0,1,3,5,19,10.9,11
23,171.0,28,2018-12-14,02114,0,30313,W 129-108,,22:00,2,12,.167,0,5,.000,2,7,.286,.167,0,0,,2,4,6,2,0,1,2,3,4,-2.1,1
24,172.0,29,2018-12-15,02114,1,48226,L 104-113,,22:31,1,4,.250,0,1,.000,1,3,.333,.250,0,0,,0,2,2,2,2,1,3,3,2,0.1,-9
25,173.0,30,2018-12-19,02114,0,85004,L 103-111,*,23:34,3,9,.333,0,3,.000,3,6,.500,.333,0,0,,0,1,1,0,0,1,1,1,6,0.5,-3
26,174.0,31,2018-12-21,02114,0,53203,L 107-120,,30:06,8,14,.571,3,6,.500,5,8,.625,.679,2,7,.286,2,5,7,2,4,0,0,2,21,19.9,-3
27,175.0,32,2018-12-23,02114,0,28202,W 119-103,,15:45,3,9,.333,0,4,.000,3,5,.600,.333,2,2,1.000,0,1,1,2,3,0,2,4,8,4.0,6
28,176.0,33,2018-12-25,02114,0,19148,W 121-114 (OT),,20:16,2,7,.286,0,1,.000,2,6,.333,.286,0,0,,1,2,3,2,1,1,0,3,4,3.1,-14
29,177.0,34,2018-12-27,02114,1,77002,L 113-127,,24:16,7,12,.583,1,4,.250,6,8,.750,.625,3,5,.600,0,5,5,0,0,0,0,2,18,12.3,-22
30,178.0,35,2018-12-29,02114,1,38103,W 112-103,,19:19,3,3,1.000,0,0,,3,3,1.000,1.000,0,1,.000,1,3,4,0,0,0,3,3,6,2.1,-2
31,179.0,36,2018-12-31,02114,1,78219,L 111-120,,30:59,10,15,.667,3,5,.600,7,10,.700,.767,7,8,.875,1,3,4,2,0,2,0,0,30,27.5,-2
32,180.0,37,2019-01-02,02114,0,55403,W 115-102,,29:05,4,7,.571,1,2,.500,3,5,.600,.643,1,2,.500,0,5,5,2,1,1,5,5,10,3.9,13
33,181.0,38,2019-01-04,02114,0,75219,W 114-93,*,27:21,9,15,.600,2,4,.500,7,11,.636,.667,1,1,1.000,0,2,2,2,3,0,1,4,21,16.5,20
34,182.0,39,2019-01-07,02114,0,11217,W 116-95,,23:31,2,6,.333,0,1,.000,2,5,.400,.333,0,0,,1,4,5,4,0,0,4,5,4,-0.7,15
35,183.0,40,2019-01-09,02114,0,46225,W 135-108,,28:44,7,12,.583,2,5,.400,5,7,.714,.667,6,8,.750,0,7,7,3,1,1,0,4,22,19.9,14
36,184.0,41,2019-01-10,02114,1,33132,L 99-115,,13:50,1,5,.200,0,1,.000,1,4,.250,.200,0,1,.000,1,1,2,1,0,1,0,0,2,0.9,-5
37,185.0,42,2019-01-12,02114,1,32801,L 103-105,,23:58,5,9,.556,2,3,.667,3,6,.500,.667,1,2,.500,2,2,4,0,0,0,2,4,13,6.7,-18
38,186.0,43,2019-01-14,02114,1,11217,L 102-109,*,32:23,9,18,.500,2,6,.333,7,12,.583,.556,2,3,.667,2,4,6,0,2,1,0,4,22,16.3,14
39,187.0,44,2019-01-16,02114,0,51300,W 117-108,,22:59,2,9,.222,1,3,.333,1,6,.167,.278,2,4,.500,1,5,6,0,1,1,1,2,7,2.8,10
40,188.0,45,2019-01-18,02114,0,38103,W 122-116,,21:00,4,7,.571,2,4,.500,2,3,.667,.714,2,2,1.000,0,6,6,1,0,2,3,1,12,9.2,8
41,189.0,46,2019-01-19,02114,1,30313,W 113-105,,27:54,3,10,.300,2,5,.400,1,5,.200,.400,6,8,.750,0,4,4,2,3,0,2,1,14,10.6,16
42,190.0,47,2019-01-21,02114,0,33132,W 107-99,,20:01,3,9,.333,0,0,,3,9,.333,.333,0,0,,0,4,4,0,2,0,1,2,6,2.3,-17
43,191.0,48,2019-01-23,02114,0,44115,W 123-103,,25:11,8,12,.667,2,3,.667,6,9,.667,.750,5,6,.833,0,6,6,0,1,0,1,2,23,18.4,15
44,192.0,49,2019-01-26,02114,0,94607,L 111-115,,22:29,3,8,.375,2,5,.400,1,3,.333,.500,2,2,1.000,1,1,2,0,0,0,1,4,10,4.0,-8
45,193.0,50,2019-01-28,02114,0,11217,W 112-104,,31:30,9,16,.563,3,5,.600,6,11,.545,.656,0,0,,3,3,6,2,0,0,0,3,21,16.6,13
46,194.0,51,2019-01-30,02114,0,28202,W 126-94,,29:37,10,18,.556,2,8,.250,8,10,.800,.611,2,2,1.000,1,9,10,2,1,0,2,1,24,18.8,19
47,195.0,52,2019-02-01,02114,1,10001,W 113-99,,21:13,5,12,.417,0,4,.000,5,8,.625,.417,1,1,1.000,0,2,2,1,4,0,1,2,11,8.1,1
48,196.0,53,2019-02-03,02114,0,73102,W 134-129,,22:38,4,6,.667,2,2,1.000,2,4,.500,.833,2,4,.500,0,2,2,2,0,0,1,2,12,8.8,-5
49,197.0,54,2019-02-05,02114,1,44115,W 103-96,*,28:32,6,19,.316,1,4,.250,5,15,.333,.342,0,0,,4,3,7,0,2,0,2,2,13,5.0,-3
50,198.0,55,2019-02-07,02114,0,90015,L 128-129,,25:25,7,10,.700,2,4,.500,5,6,.833,.800,2,2,1.000,2,0,2,1,1,1,1,2,18,15.8,11
51,199.0,56,2019-02-09,02114,0,90015,L 112-123,,24:03,4,14,.286,0,5,.000,4,9,.444,.286,4,6,.667,2,3,5,2,1,0,0,3,12,6.5,5
52,200.0,57,2019-02-12,02114,1,19148,W 112-109,,23:59,3,8,.375,0,2,.000,3,6,.500,.375,1,2,.500,0,1,1,2,0,0,0,3,7,2.7,3
53,201.0,58,2019-02-13,02114,0,48226,W 118-110,,29:56,8,15,.533,1,4,.250,7,11,.636,.567,0,0,,0,7,7,0,2,0,1,3,17,11.6,7
54,202.0,59,2019-02-21,02114,1,53203,L 97-98,,23:40,6,9,.667,3,4,.750,3,5,.600,.833,0,0,,0,5,5,3,1,1,3,3,15,12.2,-14
55,203.0,60,2019-02-23,02114,1,60612,L 116-126,,22:32,5,12,.417,2,5,.400,3,7,.429,.500,2,4,.500,0,3,3,0,2,0,0,3,14,8.5,-7
56,204.0,61,2019-02-26,02114,1,51300,L 95-118,,22:11,3,8,.375,0,2,.000,3,6,.500,.375,4,5,.800,0,8,8,4,4,0,3,5,10,9.4,-13
57,205.0,62,2019-02-27,02114,0,97227,L 92-97,,30:14,5,9,.556,0,3,.000,5,6,.833,.556,0,1,.000,1,9,10,1,1,0,1,2,10,8.6,8
58,206.0,63,2019-03-01,02114,0,20004,W 107-96,,26:45,4,13,.308,1,6,.167,3,7,.429,.346,4,4,1.000,0,3,3,1,0,0,1,0,13,6.1,1
59,207.0,64,2019-03-03,02114,0,77002,L 104-115,,28:23,7,13,.538,0,4,.000,7,9,.778,.538,1,1,1.000,2,4,6,0,1,0,1,5,15,9.3,5
60,208.0,65,2019-03-05,02114,1,94607,W 128-95,,27:03,8,16,.500,2,4,.500,6,12,.500,.563,0,0,,1,3,4,1,0,0,1,3,18,10.1,23
61,209.0,66,2019-03-06,02114,1,95814,W 111-109,,23:09,3,6,.500,2,3,.667,1,3,.333,.667,2,3,.667,0,1,1,0,0,0,2,2,10,4.1,-8
62,210.0,67,2019-03-09,02114,1,90015,W 120-107,,20:40,3,12,.250,1,6,.167,2,6,.333,.292,1,1,1.000,0,3,3,3,0,2,1,2,8,3.4,4
63,211.0,68,2019-03-11,02114,1,90015,L 115-140,*,31:14,9,13,.692,3,5,.600,6,8,.750,.808,1,2,.500,1,6,7,0,3,0,0,1,22,21.2,-12
64,212.0,69,2019-03-14,02114,0,95814,W 126-120,,31:41,9,16,.563,3,4,.750,6,12,.500,.656,1,3,.333,0,1,1,0,0,0,0,3,22,12.7,19
65,213.0,70,2019-03-16,02114,0,30313,W 129-120,,26:25,8,14,.571,3,5,.600,5,9,.556,.679,4,6,.667,0,3,3,2,0,0,0,3,23,16.7,3
66,214.0,71,2019-03-18,02114,0,80204,L 105-114,,19:59,2,6,.333,1,4,.250,1,2,.500,.417,1,2,.500,3,1,4,1,2,0,3,2,6,3.5,-4
67,215.0,72,2019-03-20,02114,1,19148,L 115-118,,28:21,3,3,1.000,0,0,,3,3,1.000,1.000,0,1,.000,1,2,3,1,0,0,1,3,6,4.5,10
68,216.0,73,2019-03-23,02114,1,28202,L 117-124,,30:22,10,13,.769,5,6,.833,5,7,.714,.962,4,7,.571,0,4,4,4,1,2,1,2,29,27.3,3
69,217.0,74,2019-03-24,02114,0,78219,L 96-115,,24:32,1,8,.125,0,5,.000,1,3,.333,.125,5,6,.833,0,1,1,0,0,0,0,1,7,1.3,-26
70,218.0,75,2019-03-26,02114,1,44115,W 116-106,,17:52,3,7,.429,2,3,.667,1,4,.250,.571,1,3,.333,1,5,6,1,0,0,0,1,9,7.0,-6
71,219.0,76,2019-03-29,02114,0,46225,W 114-112,,27:18,7,10,.700,1,1,1.000,6,9,.667,.750,1,2,.500,1,3,4,1,0,0,2,2,16,10.9,-7
72,220.0,77,2019-03-30,02114,1,11217,L 96-110,,31:30,3,10,.300,1,3,.333,2,7,.286,.350,2,4,.500,0,6,6,3,1,1,4,1,9,3.6,-10
73,221.0,81,2019-04-07,02114,0,32801,L 108-116,,25:53,5,8,.625,2,3,.667,3,5,.600,.750,1,2,.500,0,1,1,1,1,0,0,3,13,9.8,1
74,222.0,82,2019-04-09,02114,1,20004,W 116-110,*,18:03,6,13,.462,1,4,.250,5,9,.556,.500,2,4,.500,1,2,3,2,3,0,3,1,15,9.8,-14
1,223.0,1,2019-10-23,02114,1,19148,L 93-107,*,20:52,3,6,.500,1,2,.500,2,4,.500,.583,1,3,.333,0,7,7,0,1,0,1,5,8,4.3,-12
2,224.0,2,2019-10-25,02114,0,51300,W 112-106,*,38:04,11,20,.550,2,7,.286,9,13,.692,.600,1,1,1.000,0,9,9,4,0,2,1,2,25,20.5,2
3,225.0,3,2019-10-26,02114,1,10001,W 118-95,*,27:06,6,14,.429,1,5,.200,5,9,.556,.464,6,8,.750,1,3,4,2,1,1,2,4,19,11.9,20
4,226.0,7,2019-11-07,02114,1,28202,W 108-87,*,32:07,5,9,.556,0,2,.000,5,7,.714,.556,2,2,1.000,0,5,5,1,1,0,2,1,12,8.5,13
5,227.0,8,2019-11-09,02114,1,78219,W 135-115,*,32:04,10,18,.556,1,3,.333,9,15,.600,.583,9,10,.900,1,6,7,3,1,0,0,3,30,25.4,21
6,228.0,9,2019-11-11,02114,0,75219,W 116-106,*,38:09,9,16,.563,2,4,.500,7,12,.583,.625,5,7,.714,3,8,11,3,0,0,1,4,25,20.6,12
7,229.0,10,2019-11-13,02114,0,20004,W 140-133,*,34:59,9,19,.474,0,3,.000,9,16,.563,.474,4,4,1.000,1,4,5,4,1,0,2,4,22,14.4,-4
8,230.0,11,2019-11-15,02114,1,94607,W 105-100,*,34:47,9,17,.529,3,3,1.000,6,14,.429,.618,1,2,.500,1,7,8,3,3,0,2,4,22,17.6,-4
9,231.0,12,2019-11-17,02114,1,95814,L 99-100,*,35:23,7,16,.438,4,7,.571,3,9,.333,.563,0,0,,1,7,8,0,2,0,4,1,18,10.0,-5
10,232.0,13,2019-11-18,02114,1,85004,W 99-85,*,29:36,6,16,.375,2,5,.400,4,11,.364,.438,0,2,.000,4,5,9,3,1,0,1,4,14,9.2,4
11,233.0,14,2019-11-20,02114,1,90015,L 104-107 (OT),*,39:11,3,14,.214,1,8,.125,2,6,.333,.250,2,4,.500,1,5,6,1,1,0,3,5,9,-1.5,-4
12,234.0,15,2019-11-22,02114,1,80204,L 92-96,*,36:16,6,15,.400,4,7,.571,2,8,.250,.533,6,8,.750,1,9,10,4,1,0,1,4,22,17.7,-1
13,235.0,16,2019-11-25,02114,0,95814,W 103-102,*,34:05,9,16,.563,2,7,.286,7,9,.778,.625,4,5,.800,0,4,4,0,1,0,0,0,24,18.2,1
14,236.0,17,2019-11-27,02114,0,11217,W 121-110,*,32:54,9,15,.600,2,6,.333,7,9,.778,.667,2,2,1.000,1,9,10,2,3,1,2,3,22,20.4,19
15,237.0,18,2019-11-29,02114,1,11217,L 107-112,*,34:00,4,8,.500,0,1,.000,4,7,.571,.500,0,1,.000,2,4,6,1,2,0,3,2,8,5.1,-21
16,238.0,19,2019-12-01,02114,1,10001,W 113-104,*,34:56,11,18,.611,4,10,.400,7,8,.875,.722,2,4,.500,2,3,5,1,1,1,1,4,28,21.1,6
17,239.0,20,2019-12-04,02114,0,33132,W 112-93,*,34:14,10,20,.500,5,9,.556,5,11,.455,.625,6,8,.750,1,3,4,1,1,0,1,3,31,21.3,9
18,240.0,21,2019-12-06,02114,0,80204,W 108-95,*,32:48,8,15,.533,3,7,.429,5,8,.625,.633,2,2,1.000,0,7,7,2,0,0,1,3,21,15.0,10
19,241.0,22,2019-12-09,02114,0,44115,W 110-88,*,32:09,9,15,.600,1,5,.200,8,10,.800,.633,1,1,1.000,0,7,7,2,0,2,3,5,20,13.0,17
20,242.0,23,2019-12-11,02114,1,46225,L 117-122,*,34:04,7,12,.583,2,5,.400,5,7,.714,.667,2,3,.667,0,8,8,8,1,0,4,6,18,14.6,13
21,243.0,24,2019-12-12,02114,0,19148,L 109-115,*,40:59,3,9,.333,0,1,.000,3,8,.375,.333,2,2,1.000,1,4,5,2,1,0,3,4,8,2.6,-14
22,244.0,25,2019-12-18,02114,1,75219,W 109-103,*,35:14,8,18,.444,2,8,.250,6,10,.600,.500,8,8,1.000,2,7,9,0,1,1,3,3,26,17.6,4
23,245.0,26,2019-12-20,02114,0,48226,W 114-93,*,29:01,9,13,.692,4,7,.571,5,6,.833,.846,4,5,.800,1,4,5,5,3,1,3,2,26,25.4,17
24,246.0,27,2019-12-22,02114,0,28202,W 119-93,*,32:17,7,14,.500,1,4,.250,6,10,.600,.536,1,3,.333,1,8,9,5,0,0,2,2,16,12.0,15
25,247.0,28,2019-12-25,02114,1,51300,W 118-102,*,34:53,10,13,.769,5,7,.714,5,6,.833,.962,5,6,.833,0,6,6,4,0,0,3,1,30,25.7,6
26,248.0,29,2019-12-27,02114,0,44115,W 129-117,*,29:11,13,20,.650,5,10,.500,8,10,.800,.775,3,4,.750,1,8,9,2,0,0,3,2,34,25.5,3
27,249.0,30,2019-12-28,02114,0,51300,L 97-113,*,36:33,5,12,.417,1,2,.500,4,10,.400,.458,6,8,.750,1,4,5,1,3,0,3,2,17,11.6,-17
28,250.0,32,2020-01-03,02114,0,30313,W 109-106,*,35:19,8,13,.615,1,2,.500,7,11,.636,.654,7,10,.700,1,9,10,2,2,0,6,3,24,16.5,-10
29,251.0,33,2020-01-04,02114,1,60612,W 111-104,*,34:40,7,13,.538,3,5,.600,4,8,.500,.654,2,2,1.000,0,7,7,3,0,0,4,1,19,12.5,8
30,252.0,34,2020-01-06,02114,1,20004,L 94-99,*,33:28,7,22,.318,2,10,.200,5,12,.417,.364,7,7,1.000,4,8,12,1,0,0,4,2,23,11.5,-4
31,253.0,35,2020-01-08,02114,0,78219,L 114-129,*,28:42,5,14,.357,1,6,.167,4,8,.500,.393,5,6,.833,1,2,3,0,2,0,3,4,16,6.5,-21
32,254.0,36,2020-01-09,02114,1,19148,L 98-109,*,33:47,2,12,.167,2,4,.500,0,8,.000,.250,0,0,,0,5,5,2,1,0,3,0,6,-0.7,-10
33,255.0,37,2020-01-11,02114,0,70112,W 140-105,*,30:28,4,15,.267,2,4,.500,2,11,.182,.333,3,4,.750,0,0,0,2,3,0,1,3,13,5.9,26
34,256.0,38,2020-01-13,02114,0,60612,W 113-101,*,30:15,5,13,.385,0,1,.000,5,12,.417,.385,9,9,1.000,2,1,3,3,2,0,0,3,19,16.5,10
35,257.0,39,2020-01-15,02114,0,48226,L 103-116,*,36:51,10,16,.625,4,8,.500,6,8,.750,.750,0,5,.000,4,8,12,2,0,0,4,2,24,16.6,-12
36,258.0,42,2020-01-20,02114,0,90015,W 139-107,*,32:27,6,14,.429,2,7,.286,4,7,.571,.500,6,9,.667,1,3,4,6,3,0,1,5,20,17.2,26
37,259.0,45,2020-01-26,02114,1,70112,L 108-123,*,36:14,8,16,.500,1,5,.200,7,11,.636,.531,3,4,.750,1,1,2,1,1,0,2,3,20,11.1,-15
38,260.0,46,2020-01-28,02114,1,33132,W 109-101,*,40:47,10,16,.625,4,8,.500,6,8,.750,.750,1,2,.500,0,3,3,5,0,1,5,3,25,16.3,13
39,261.0,47,2020-01-30,02114,0,94607,W 119-104,*,26:39,6,13,.462,2,4,.500,4,9,.444,.538,4,4,1.000,2,5,7,2,1,1,5,6,18,9.9,0
40,262.0,48,2020-02-01,02114,0,19148,W 116-95,*,36:21,13,23,.565,1,10,.100,12,13,.923,.587,5,7,.714,1,8,9,1,2,0,4,1,32,21.7,29
41,263.0,49,2020-02-03,02114,1,30313,W 123-115,*,32:35,9,17,.529,1,3,.333,8,14,.571,.559,2,2,1.000,1,4,5,0,1,0,2,4,21,12.0,12
42,264.0,50,2020-02-05,02114,0,32801,W 116-100,*,38:16,8,18,.444,0,2,.000,8,16,.500,.444,2,5,.400,1,4,5,0,0,0,1,1,18,7.9,10
43,265.0,52,2020-02-09,02114,1,73102,W 112-111,*,34:23,7,17,.412,3,7,.429,4,10,.400,.500,0,0,,0,3,3,2,0,0,1,2,17,8.4,6
44,266.0,53,2020-02-11,02114,1,77002,L 105-116,*,32:39,7,12,.583,4,8,.500,3,4,.750,.750,1,2,.500,1,2,3,1,1,1,5,4,19,10.1,-13
45,267.0,55,2020-02-21,02114,1,55403,W 127-117,*,33:17,10,17,.588,2,5,.400,8,12,.667,.647,3,5,.600,1,7,8,0,1,1,1,6,25,17.4,0
46,268.0,56,2020-02-23,02114,1,90015,L 112-114,*,38:55,8,19,.421,3,9,.333,5,10,.500,.500,1,2,.500,2,4,6,2,2,1,4,4,20,10.6,7
47,269.0,57,2020-02-25,02114,1,97227,W 118-106,*,34:14,8,19,.421,3,7,.429,5,12,.417,.500,5,5,1.000,0,7,7,2,1,0,0,0,24,18.4,15
48,270.0,58,2020-02-26,02114,1,84101,W 114-103,*,36:55,8,16,.500,3,6,.500,5,10,.500,.594,1,2,.500,1,5,6,2,0,1,1,3,20,13.7,3
49,271.0,59,2020-02-29,02114,0,77002,L 110-111 (OT),*,44:08,9,23,.391,2,6,.333,7,17,.412,.435,2,4,.500,2,3,5,3,1,1,2,4,22,11.2,-1
50,272.0,60,2020-03-03,02114,0,11217,L 120-129 (OT),*,34:46,7,16,.438,3,9,.333,4,7,.571,.531,5,7,.714,1,4,5,3,2,0,2,4,22,15.2,4
51,273.0,65,2020-07-31,02114,1,53203,L 112-119,*,33:55,6,15,.400,3,10,.300,3,5,.600,.500,7,9,.778,1,3,4,1,1,0,1,5,22,13.4,-7
52,274.0,66,2020-08-02,02114,0,97227,W 128-124,*,36:33,10,18,.556,6,8,.750,4,10,.400,.722,4,6,.667,1,5,6,1,2,0,1,0,30,24.5,3
53,275.0,67,2020-08-04,02114,1,33132,L 106-112,*,38:36,9,23,.391,0,5,.000,9,18,.500,.391,0,2,.000,3,7,10,0,2,1,2,2,18,8.8,-7
54,276.0,68,2020-08-05,02114,0,11217,W 149-115,*,23:57,7,13,.538,5,9,.556,2,4,.500,.731,2,3,.667,0,4,4,2,1,1,2,2,21,15.8,5
55,277.0,69,2020-08-07,02114,1,51300,W 122-100,*,31:42,7,14,.500,4,8,.500,3,6,.500,.643,2,2,1.000,2,4,6,2,0,0,1,2,20,15.2,28
56,278.0,70,2020-08-09,02114,0,32801,W 122-119 (OT),*,38:45,7,19,.368,3,9,.333,4,10,.400,.447,2,3,.667,1,11,12,1,2,1,1,1,19,14.1,-2
57,279.0,71,2020-08-11,02114,1,38103,W 122-107,*,28:14,3,13,.231,1,8,.125,2,5,.400,.269,0,2,.000,0,4,4,2,1,1,1,4,7,0.0,16
1,280.0,1,2020-12-23,02114,0,53203,W 122-121,*,37:38,13,24,.542,3,8,.375,10,16,.625,.604,4,4,1.000,0,5,5,4,2,1,0,3,33,27.2,8
2,281.0,2,2020-12-25,02114,0,11217,L 95-123,*,30:32,11,25,.440,0,4,.000,11,21,.524,.440,5,9,.556,5,3,8,3,0,1,2,5,27,15.5,-25
3,282.0,3,2020-12-27,02114,1,46225,L 107-108,*,33:36,8,13,.615,0,1,.000,8,12,.667,.615,2,2,1.000,0,2,2,4,2,1,2,4,18,14.6,1
4,283.0,4,2020-12-29,02114,1,46225,W 116-111,*,34:22,7,13,.538,1,2,.500,6,11,.545,.577,5,10,.500,0,2,2,2,4,0,1,2,20,15.9,-1
5,284.0,5,2020-12-30,02114,0,38103,W 126-107,*,28:57,15,21,.714,7,10,.700,8,11,.727,.881,5,6,.833,1,4,5,4,1,0,4,1,42,34.2,22
6,285.0,6,2021-01-01,02114,1,48226,L 93-96,*,37:34,12,21,.571,1,7,.143,11,14,.786,.595,0,0,,2,7,9,2,3,2,4,3,25,19.2,-9
7,286.0,7,2021-01-03,02114,1,48226,W 122-120,*,34:53,13,16,.813,5,8,.625,8,8,1.000,.969,0,0,,0,1,1,3,0,0,6,2,31,20.6,1
8,287.0,8,2021-01-04,02114,1,51300,W 126-114,*,33:56,7,16,.438,1,2,.500,6,14,.429,.469,4,4,1.000,0,5,5,3,1,0,4,2,19,10.4,4
9,288.0,9,2021-01-06,02114,1,33132,W 107-105,*,36:46,8,23,.348,3,9,.333,5,14,.357,.413,2,2,1.000,1,11,12,5,2,2,1,4,21,16.4,-8
10,289.0,10,2021-01-08,02114,0,20004,W 116-107,*,37:40,9,19,.474,3,6,.500,6,13,.462,.553,6,6,1.000,3,10,13,5,2,0,5,4,27,21.3,21
11,290.0,11,2021-01-15,02114,0,32801,W 124-97,*,25:01,6,12,.500,2,5,.400,4,7,.571,.583,7,7,1.000,0,2,2,8,1,0,2,1,21,19.8,15
12,291.0,12,2021-01-17,02114,0,10001,L 75-105,*,32:33,9,20,.450,3,9,.333,6,11,.545,.525,4,5,.800,3,3,6,3,1,0,2,3,25,17.1,-27
13,292.0,13,2021-01-20,02114,1,19148,L 109-117,*,32:49,10,24,.417,3,10,.300,7,14,.500,.479,3,6,.500,0,5,5,3,0,0,4,3,26,10.4,-13
14,293.0,14,2021-01-22,02114,1,19148,L 110-122,*,35:50,16,28,.571,5,8,.625,11,20,.550,.661,5,7,.714,4,5,9,3,1,1,3,1,42,32.7,-9
15,294.0,15,2021-01-24,02114,0,44115,W 141-103,*,19:14,13,20,.650,3,4,.750,10,16,.625,.725,4,4,1.000,0,3,3,1,2,0,1,3,33,25.6,31
16,295.0,16,2021-01-25,02114,1,60612,W 119-103,*,29:49,10,21,.476,2,3,.667,8,18,.444,.524,4,6,.667,0,5,5,2,2,0,2,1,26,17.0,17
17,296.0,17,2021-01-27,02114,1,78219,L 106-110,*,36:06,8,19,.421,3,6,.500,5,13,.385,.500,5,6,.833,0,4,4,5,1,2,0,4,24,19.0,-1
18,297.0,18,2021-01-30,02114,0,90015,L 95-96,*,37:57,13,19,.684,2,4,.500,11,15,.733,.737,0,2,.000,1,0,1,3,1,1,2,4,28,20.0,13
19,298.0,19,2021-02-02,02114,1,94607,W 111-107,*,32:07,8,20,.400,1,6,.167,7,14,.500,.425,1,1,1.000,2,8,10,4,0,1,3,5,18,9.5,4
20,299.0,20,2021-02-03,02114,1,95814,L 111-116,*,33:49,7,18,.389,2,6,.333,5,12,.417,.444,5,6,.833,0,3,3,4,0,1,1,2,21,13.4,-4
21,300.0,23,2021-02-09,02114,1,84101,L 108-122,*,37:24,12,20,.600,3,6,.500,9,14,.643,.675,6,8,.750,4,4,8,0,0,0,3,2,33,23.2,-8
22,301.0,24,2021-02-11,02114,0,51300,W 120-106,*,32:14,3,14,.214,0,4,.000,3,10,.300,.214,6,6,1.000,1,4,5,10,2,1,5,4,12,8.4,18
23,302.0,25,2021-02-12,02114,0,48226,L 102-108,*,36:20,11,21,.524,1,4,.250,10,17,.588,.548,4,7,.571,1,5,6,0,2,0,2,4,27,16.1,-4
24,303.0,26,2021-02-14,02114,1,20004,L 91-104,*,28:39,11,21,.524,2,5,.400,9,16,.563,.571,1,3,.333,3,4,7,0,1,1,5,2,25,13.1,-17
25,304.0,27,2021-02-16,02114,0,80204,W 112-99,*,37:00,11,20,.550,5,10,.500,6,10,.600,.675,0,0,,0,5,5,5,0,0,7,3,27,14.2,5
26,305.0,28,2021-02-17,02114,0,30313,L 114-122,*,35:21,6,20,.300,2,7,.286,4,13,.308,.350,8,8,1.000,0,3,3,7,0,0,3,5,22,11.2,-10
27,306.0,29,2021-02-19,02114,0,30313,W 121-109,*,34:11,6,12,.500,4,7,.571,2,5,.400,.667,1,3,.333,0,4,4,6,1,0,3,0,17,13.6,23
28,307.0,30,2021-02-21,02114,1,70112,L 115-120 (OT),*,40:49,7,23,.304,3,10,.300,4,13,.308,.370,8,9,.889,1,5,6,9,0,0,3,5,25,14.8,-7
29,308.0,31,2021-02-23,02114,1,75219,L 107-110,*,37:33,12,20,.600,2,8,.250,10,12,.833,.650,3,3,1.000,2,5,7,5,2,0,3,4,29,23.6,3
30,309.0,32,2021-02-24,02114,1,30313,L 112-127,*,29:29,6,16,.375,0,6,.000,6,10,.600,.375,5,5,1.000,1,3,4,5,1,0,2,1,17,11.9,-13
31,310.0,33,2021-02-26,02114,0,46225,W 118-112,*,37:29,5,12,.417,0,2,.000,5,10,.500,.417,5,6,.833,0,7,7,5,0,0,4,3,15,8.6,3
32,311.0,35,2021-03-02,02114,0,90015,W 117-112,*,33:54,8,14,.571,2,3,.667,6,11,.545,.643,0,0,,2,3,5,2,1,0,1,2,18,14.3,1
33,312.0,36,2021-03-04,02114,0,51300,W 132-125,*,33:54,4,11,.364,2,6,.333,2,5,.400,.455,11,16,.688,0,7,7,4,0,1,3,4,21,13.9,-1
34,313.0,37,2021-03-11,02114,1,11217,L 109-121,*,40:25,5,23,.217,3,12,.250,2,11,.182,.283,0,1,.000,1,4,5,6,4,0,4,0,13,4.6,-3
35,314.0,38,2021-03-14,02114,1,77002,W 134-107,*,26:45,9,14,.643,2,3,.667,7,11,.636,.714,4,6,.667,0,2,2,0,1,0,2,3,24,15.4,18
36,315.0,39,2021-03-16,02114,0,84101,L 109-117,*,38:55,12,21,.571,2,4,.500,10,17,.588,.619,2,2,1.000,1,4,5,7,2,1,3,3,28,23.4,-14
37,316.0,40,2021-03-17,02114,1,44115,L 110-117,*,39:18,11,26,.423,2,10,.200,9,16,.563,.462,4,8,.500,1,2,3,4,2,3,2,4,28,17.2,2
38,317.0,41,2021-03-19,02114,0,95814,L 96-107,*,34:33,8,20,.400,3,5,.600,5,15,.333,.475,0,0,,3,8,11,3,3,1,5,4,19,11.9,-7
39,318.0,42,2021-03-21,02114,0,32801,W 112-96,*,32:34,12,24,.500,10,19,.526,2,5,.400,.708,0,0,,0,4,4,3,1,0,0,4,34,24.7,23
40,319.0,43,2021-03-22,02114,1,38103,L 126-132 (OT),*,40:22,11,24,.458,3,11,.273,8,13,.615,.521,2,3,.667,1,8,9,5,1,1,3,4,27,17.9,-6
41,320.0,44,2021-03-24,02114,1,53203,L 119-121,*,33:54,10,16,.625,4,7,.571,6,9,.667,.750,0,0,,1,9,10,2,0,0,2,0,24,19.6,-10
42,321.0,45,2021-03-26,02114,1,53203,W 122-114,*,30:11,6,15,.400,4,9,.444,2,6,.333,.533,2,2,1.000,0,5,5,2,1,0,2,2,18,11.0,17
43,322.0,46,2021-03-27,02114,1,73102,W 111-94,*,29:50,9,23,.391,3,10,.300,6,13,.462,.457,4,4,1.000,1,2,3,0,0,0,4,4,25,8.2,-9
44,323.0,48,2021-03-31,02114,0,75219,L 108-113,*,36:38,9,17,.529,4,11,.364,5,6,.833,.647,2,4,.500,1,3,4,1,4,0,3,2,24,17.4,-8
45,324.0,49,2021-04-02,02114,0,77002,W 118-102,*,27:26,9,20,.450,1,2,.500,8,18,.444,.475,3,4,.750,5,6,11,2,2,0,1,3,22,17.7,14
46,325.0,50,2021-04-04,02114,0,28202,W 116-86,*,25:50,6,13,.462,5,8,.625,1,5,.200,.654,0,0,,4,2,6,1,0,1,1,2,17,13.3,14
47,326.0,51,2021-04-06,02114,0,19148,L 96-106,*,32:56,6,10,.600,3,7,.429,3,3,1.000,.750,2,2,1.000,0,3,3,0,0,1,3,4,17,9.4,-22
48,327.0,52,2021-04-07,02114,0,10001,W 101-99,*,36:01,12,26,.462,5,13,.385,7,13,.538,.558,3,7,.429,2,8,10,3,2,1,2,1,32,23.2,7
49,328.0,53,2021-04-09,02114,0,55403,W 145-136 (OT),*,44:09,9,15,.600,4,9,.444,5,6,.833,.733,4,4,1.000,1,4,5,3,2,2,5,5,26,19.5,5
50,329.0,54,2021-04-11,02114,1,80204,W 105-87,*,35:57,8,15,.533,2,7,.286,6,8,.750,.600,2,3,.667,2,6,8,3,0,2,0,3,20,17.8,16
51,330.0,55,2021-04-13,02114,1,97227,W 116-115,*,40:29,9,21,.429,3,7,.429,6,14,.429,.500,3,4,.750,2,2,4,2,1,0,1,4,24,14.3,-2
52,331.0,56,2021-04-15,02114,1,90015,W 121-113,*,32:06,17,20,.850,3,5,.600,14,15,.933,.925,3,3,1.000,0,9,9,3,1,0,6,2,40,31.8,36
53,332.0,58,2021-04-19,02114,0,60612,L 96-102,*,37:01,10,15,.667,3,4,.750,7,11,.636,.767,0,0,,0,4,4,1,1,0,2,4,23,15.8,-11
54,333.0,61,2021-04-25,02114,1,28202,L 104-125,*,34:50,8,22,.364,2,7,.286,6,15,.400,.409,2,2,1.000,1,7,8,2,2,0,3,1,20,10.6,-20
55,334.0,62,2021-04-27,02114,0,73102,L 115-119,*,38:03,13,26,.500,4,11,.364,9,15,.600,.577,9,9,1.000,1,10,11,3,4,0,3,3,39,31.6,-2
56,335.0,63,2021-04-28,02114,0,28202,W 120-111,*,36:48,13,23,.565,7,13,.538,6,10,.600,.717,5,6,.833,2,5,7,4,0,1,1,3,38,30.9,8
57,336.0,64,2021-04-30,02114,0,78219,W 143-140 (OT),*,43:31,5,24,.208,4,12,.333,1,12,.083,.292,3,5,.600,0,5,5,2,2,2,4,3,17,2.5,3
58,337.0,65,2021-05-02,02114,0,97227,L 119-129,*,34:42,6,22,.273,1,9,.111,5,13,.385,.295,3,4,.750,4,7,11,4,0,0,3,4,16,5.7,-13
1,338.0,1,2021-10-20,02114,1,10001,L 134-138 (2OT),*,45:58,16,30,.533,8,14,.571,8,16,.500,.667,6,8,.750,0,9,9,6,3,1,4,5,46,35.2,16
2,339.0,2,2021-10-22,02114,0,51300,L 83-115,*,28:24,3,13,.231,0,7,.000,3,6,.500,.231,3,4,.750,0,4,4,0,0,0,5,2,9,-3.9,3
3,340.0,4,2021-10-25,02114,1,28202,W 140-129 (OT),*,37:59,12,20,.600,3,7,.429,9,13,.692,.675,3,4,.750,3,6,9,3,3,1,3,3,30,25.9,12
4,341.0,5,2021-10-27,02114,0,20004,L 107-116,*,37:21,5,16,.313,1,4,.250,4,12,.333,.344,2,2,1.000,0,4,4,1,0,0,3,3,13,1.5,-8
5,342.0,6,2021-10-30,02114,1,20004,L 112-115 (2OT),*,47:23,14,24,.583,0,5,.000,14,19,.737,.583,6,7,.857,0,6,6,2,1,1,3,3,34,23.1,-6
6,343.0,7,2021-11-01,02114,0,60612,L 114-128,*,33:35,10,18,.556,5,8,.625,5,10,.500,.694,3,4,.750,0,7,7,3,1,0,1,3,28,22.0,1
7,344.0,8,2021-11-03,02114,1,32801,W 92-79,*,31:48,10,17,.588,3,8,.375,7,9,.778,.676,5,7,.714,0,5,5,3,1,0,2,4,28,20.3,16
8,345.0,9,2021-11-04,02114,1,33132,W 95-78,*,29:17,5,14,.357,3,5,.600,2,9,.222,.464,4,5,.800,0,5,5,2,1,1,2,2,17,10.6,12
9,346.0,18,2021-11-22,02114,0,77002,W 108-90,*,22:47,6,13,.462,3,6,.500,3,7,.429,.577,4,4,1.000,0,3,3,0,1,1,2,4,19,11.3,21
10,347.0,19,2021-11-24,02114,0,11217,L 104-123,*,23:57,5,15,.333,0,8,.000,5,7,.714,.333,3,3,1.000,1,4,5,0,2,0,2,2,13,5.6,-7
11,348.0,20,2021-11-26,02114,1,78219,L 88-96,*,27:05,6,16,.375,3,7,.429,3,9,.333,.469,1,3,.333,0,4,4,3,0,1,1,2,16,8.6,-2
12,349.0,21,2021-11-28,02114,1,51300,W 109-97,*,27:26,6,11,.545,1,2,.500,5,9,.556,.591,3,4,.750,2,1,3,3,1,0,2,1,16,12.7,-6
13,350.0,22,2021-12-01,02114,0,19148,W 88-87,*,33:27,3,11,.273,1,4,.250,2,7,.286,.318,2,4,.500,0,4,4,3,0,0,1,1,9,3.6,5
14,351.0,28,2021-12-13,02114,0,53203,W 117-103,*,29:58,6,13,.462,3,7,.429,3,6,.500,.577,4,4,1.000,0,4,4,5,2,1,3,1,19,16.3,20
15,352.0,29,2021-12-17,02114,0,94607,L 107-111,*,33:18,8,16,.500,4,7,.571,4,9,.444,.625,0,2,.000,2,7,9,2,1,0,5,4,20,10.5,-2
16,353.0,30,2021-12-18,02114,0,10001,W 114-107,*,32:29,8,21,.381,5,13,.385,3,8,.375,.500,2,4,.500,1,3,4,5,2,0,4,1,23,13.4,3
17,354.0,31,2021-12-20,02114,0,19148,L 103-108,*,34:23,9,22,.409,3,9,.333,6,13,.462,.477,9,10,.900,2,3,5,4,2,0,3,3,30,20.7,-8
18,355.0,32,2021-12-22,02114,0,44115,W 111-101,*,35:36,12,22,.545,5,10,.500,7,12,.583,.659,5,5,1.000,2,4,6,3,1,1,3,3,34,25.6,14
19,356.0,33,2021-12-25,02114,1,53203,L 113-117,*,37:14,8,18,.444,2,7,.286,6,11,.545,.500,7,7,1.000,1,3,4,3,2,1,3,4,25,17.4,-15
20,357.0,34,2021-12-27,02114,1,55403,L 103-108,*,39:24,8,24,.333,2,8,.250,6,16,.375,.375,8,13,.615,3,7,10,4,0,1,6,3,26,10.9,11
21,358.0,35,2021-12-29,02114,0,90015,L 82-91,*,39:52,13,36,.361,1,13,.077,12,23,.522,.375,3,5,.600,2,6,8,0,2,0,3,3,30,10.2,-2
22,359.0,36,2021-12-31,02114,0,85004,W 123-108,*,35:57,8,20,.400,3,9,.333,5,11,.455,.475,5,6,.833,1,10,11,3,0,0,6,4,24,11.0,6
23,360.0,37,2022-01-02,02114,0,32801,W 116-111 (OT),*,46:08,19,29,.655,5,10,.500,14,19,.737,.741,7,8,.875,0,11,11,4,1,2,7,4,50,36.8,10
24,361.0,38,2022-01-05,02114,0,78219,L 97-99,*,35:03,12,25,.480,4,8,.500,8,17,.471,.560,2,3,.667,0,6,6,1,2,1,3,1,30,18.7,-2
25,362.0,39,2022-01-06,02114,1,10001,L 105-108,*,34:16,6,14,.429,2,8,.250,4,6,.667,.500,2,2,1.000,0,7,7,1,0,0,3,2,16,7.6,-2
26,363.0,40,2022-01-08,02114,0,10001,W 99-75,*,34:48,9,15,.600,2,4,.500,7,11,.636,.667,2,3,.667,2,9,11,11,2,0,3,1,22,25.1,23
27,364.0,41,2022-01-10,02114,0,46225,W 101-98 (OT),*,43:53,11,26,.423,3,6,.500,8,20,.400,.481,1,2,.500,2,13,15,6,0,1,0,3,26,20.8,1
28,365.0,42,2022-01-12,02114,1,46225,W 119-100,*,35:11,11,19,.579,7,11,.636,4,8,.500,.763,5,5,1.000,0,5,5,3,0,0,3,4,34,24.1,14
29,366.0,43,2022-01-14,02114,1,19148,L 99-111,*,32:01,7,18,.389,2,9,.222,5,9,.556,.444,5,6,.833,0,2,2,1,0,0,5,4,21,5.5,-11
30,367.0,44,2022-01-15,02114,0,60612,W 114-112,*,35:40,8,19,.421,0,5,.000,8,14,.571,.421,3,4,.750,2,5,7,4,4,0,1,2,19,16.4,0
31,368.0,45,2022-01-17,02114,0,70112,W 104-92,*,34:51,8,17,.471,3,7,.429,5,10,.500,.559,4,4,1.000,0,8,8,2,0,0,2,3,23,14.9,4
32,369.0,46,2022-01-19,02114,0,28202,L 102-111,*,38:09,9,20,.450,2,11,.182,7,9,.778,.500,1,2,.500,0,6,6,6,2,0,3,1,21,14.8,-9
33,370.0,47,2022-01-21,02114,0,97227,L 105-109,*,34:57,7,20,.350,2,7,.286,5,13,.385,.400,6,6,1.000,0,5,5,5,0,0,1,2,22,14.0,-10
34,371.0,48,2022-01-23,02114,1,20004,W 116-87,*,30:44,5,18,.278,4,9,.444,1,9,.111,.389,4,6,.667,2,8,10,1,1,0,2,3,18,8.9,12
35,372.0,49,2022-01-25,02114,0,95814,W 128-75,*,23:57,11,19,.579,5,12,.417,6,7,.857,.711,3,3,1.000,0,10,10,3,0,0,0,3,30,25.0,35
36,373.0,50,2022-01-28,02114,1,30313,L 92-108,*,35:20,9,22,.409,2,9,.222,7,13,.538,.455,6,7,.857,2,10,12,3,0,0,7,5,26,11.3,-9
37,374.0,51,2022-01-29,02114,1,70112,W 107-97,*,35:16,11,20,.550,4,9,.444,7,11,.636,.650,5,7,.714,0,2,2,3,1,0,1,1,31,22.9,17
38,375.0,52,2022-01-31,02114,0,33132,W 122-92,*,31:30,11,19,.579,3,9,.333,8,10,.800,.658,4,4,1.000,1,3,4,2,2,0,0,2,29,24.3,28
39,376.0,53,2022-02-02,02114,0,28202,W 113-107,*,38:25,7,15,.467,0,3,.000,7,12,.583,.467,1,2,.500,1,5,6,6,1,0,7,3,15,6.1,-4
40,377.0,54,2022-02-04,02114,1,48226,W 102-93,*,33:34,5,15,.333,1,4,.250,4,11,.364,.367,2,5,.400,1,6,7,2,0,1,3,2,13,4.1,12
41,378.0,55,2022-02-06,02114,1,32801,W 116-83,*,28:49,10,22,.455,1,9,.111,9,13,.692,.477,5,5,1.000,1,4,5,3,3,0,2,2,26,18.8,15
42,379.0,56,2022-02-08,02114,1,11217,W 126-91,*,27:36,9,12,.750,1,3,.333,8,9,.889,.792,3,4,.750,0,7,7,9,0,0,3,0,22,22.2,40
43,380.0,57,2022-02-11,02114,0,80204,W 108-102,*,39:07,4,17,.235,0,6,.000,4,11,.364,.235,4,7,.571,0,7,7,4,2,0,2,2,12,4.6,-1
44,381.0,58,2022-02-13,02114,0,30313,W 105-95,*,37:38,6,16,.375,2,6,.333,4,10,.400,.438,3,4,.750,2,7,9,3,1,0,4,1,17,10.0,5
45,382.0,59,2022-02-15,02114,1,19148,W 135-87,*,29:02,10,17,.588,5,7,.714,5,10,.500,.735,4,6,.667,1,7,8,3,0,0,2,0,29,23.2,32
46,383.0,60,2022-02-16,02114,0,48226,L 111-112,*,37:57,12,21,.571,3,6,.500,9,15,.600,.643,4,5,.800,0,2,2,6,1,0,2,3,31,23.3,-4
47,384.0,61,2022-02-24,02114,1,11217,W 129-106,*,29:44,6,12,.500,1,5,.200,5,7,.714,.542,5,8,.625,0,1,1,6,1,1,1,3,18,14.8,16
48,385.0,62,2022-02-26,02114,1,48226,W 113-104,*,35:47,10,24,.417,1,6,.167,9,18,.500,.438,6,6,1.000,1,2,3,0,0,0,3,4,27,10.9,11
49,386.0,63,2022-02-27,02114,1,46225,L 107-128,*,35:13,10,16,.625,2,5,.400,8,11,.727,.688,1,4,.250,0,4,4,8,1,0,2,2,23,19.6,-13
50,387.0,64,2022-03-01,02114,0,30313,W 107-98,*,02:48,1,1,1.000,0,0,,1,1,1.000,1.000,0,0,,0,1,1,1,0,0,2,1,2,0.3,4
51,388.0,66,2022-03-06,02114,0,11217,W 126-120,*,34:54,8,17,.471,3,6,.500,5,11,.455,.559,2,2,1.000,1,3,4,5,3,0,1,1,21,19.0,-3
52,389.0,67,2022-03-09,02114,1,28202,W 115-101,*,36:18,6,16,.375,1,8,.125,5,8,.625,.406,2,5,.400,2,3,5,5,0,0,4,2,15,6.0,1
53,390.0,68,2022-03-11,02114,0,48226,W 114-103,*,33:39,8,22,.364,1,8,.125,7,14,.500,.386,5,7,.714,2,6,8,4,1,0,3,3,22,11.8,18
54,391.0,69,2022-03-13,02114,0,75219,L 92-95,*,35:06,6,16,.375,2,7,.286,4,9,.444,.438,0,0,,1,4,5,4,1,0,3,2,14,7.1,-3
55,392.0,70,2022-03-16,02114,1,94607,W 110-88,*,34:51,9,21,.429,2,8,.250,7,13,.538,.476,6,7,.857,2,5,7,3,0,0,2,1,26,17.1,26
56,393.0,71,2022-03-18,02114,1,95814,W 126-97,*,28:09,11,18,.611,3,5,.600,8,13,.615,.694,5,8,.625,1,2,3,0,2,0,2,2,30,21.1,-5
57,394.0,72,2022-03-20,02114,1,80204,W 124-104,*,34:11,12,19,.632,3,6,.500,9,13,.692,.711,3,3,1.000,0,6,6,0,1,0,1,2,30,22.5,27
58,395.0,73,2022-03-21,02114,1,73102,W 132-123,*,38:33,10,19,.526,2,5,.400,8,14,.571,.579,3,6,.500,0,3,3,1,2,0,2,2,25,15.3,1
59,396.0,74,2022-03-23,02114,0,84101,W 125-97,*,32:00,10,17,.588,3,6,.500,7,11,.636,.676,3,4,.750,1,2,3,5,0,0,2,3,26,19.3,20
60,397.0,75,2022-03-27,02114,0,55403,W 134-112,*,34:40,12,20,.600,3,5,.600,9,15,.600,.675,4,4,1.000,1,9,10,2,0,0,1,0,31,25.6,6
61,398.0,77,2022-03-30,02114,0,33132,L 98-106,*,37:12,9,22,.409,5,9,.556,4,13,.308,.523,5,6,.833,1,9,10,6,0,0,3,3,28,19.2,-11
62,399.0,78,2022-04-01,02114,0,46225,W 128-123,*,35:05,12,18,.667,2,5,.400,10,13,.769,.722,6,6,1.000,1,2,3,7,2,0,5,5,32,25.4,6
63,400.0,79,2022-04-03,02114,0,20004,W 144-102,*,28:34,12,17,.706,4,5,.800,8,12,.667,.824,4,4,1.000,0,7,7,5,2,0,0,1,32,32.1,36
64,401.0,80,2022-04-06,02114,1,60612,W 117-94,*,34:40,10,21,.476,2,4,.500,8,17,.471,.524,3,6,.500,1,6,7,4,4,1,1,2,25,21.3,22
65,402.0,81,2022-04-07,02114,1,53203,L 121-127,*,37:28,8,20,.400,2,8,.250,6,12,.500,.450,4,7,.571,1,9,10,11,1,1,4,5,22,16.8,3
66,403.0,82,2022-04-10,02114,1,38103,W 139-110,*,23:03,8,16,.500,2,7,.286,6,9,.667,.563,0,0,,0,3,3,4,0,0,3,4,18,9.1,11
1,404.0,1,2022-10-18,02114,0,19148,W 126-117,*,38:34,14,24,.583,4,12,.333,10,12,.833,.667,3,3,1.000,0,3,3,2,2,1,4,1,35,24.4,7
2,405.0,2,2022-10-21,02114,1,33132,W 111-104,*,34:01,12,18,.667,2,3,.667,10,15,.667,.722,2,2,1.000,1,3,4,3,2,2,3,5,28,22.3,-4
3,406.0,3,2022-10-22,02114,1,32801,W 126-120,*,37:30,4,16,.250,1,6,.167,3,10,.300,.281,3,4,.750,1,8,9,4,1,1,2,1,12,7.2,14
4,407.0,4,2022-10-24,02114,1,60612,L 102-120,*,35:23,8,23,.348,2,7,.286,6,16,.375,.391,3,4,.750,3,3,6,2,0,2,1,4,21,10.9,-10
5,408.0,5,2022-10-28,02114,0,44115,L 123-132 (OT),*,42:48,11,22,.500,2,7,.286,9,15,.600,.545,8,12,.667,0,8,8,4,2,0,6,3,32,19.4,-21
6,409.0,6,2022-10-30,02114,0,20004,W 112-94,*,29:58,7,18,.389,4,9,.444,3,9,.333,.500,6,6,1.000,0,10,10,2,0,0,2,1,24,16.2,13
7,410.0,7,2022-11-02,02114,1,44115,L 113-114 (OT),*,44:36,10,26,.385,3,10,.300,7,16,.438,.442,7,7,1.000,2,6,8,4,1,0,3,5,30,17.8,7
8,411.0,8,2022-11-04,02114,0,60612,W 123-119,*,33:50,6,14,.429,0,3,.000,6,11,.545,.429,4,5,.800,1,4,5,2,0,0,3,2,16,7.7,-13
9,412.0,9,2022-11-05,02114,1,10001,W 133-118,*,37:19,10,19,.526,6,11,.545,4,8,.500,.684,4,4,1.000,2,3,5,3,0,0,1,5,30,22.1,-5
10,413.0,10,2022-11-07,02114,1,38103,W 109-106,*,38:16,8,20,.400,1,6,.167,7,14,.500,.425,4,5,.800,0,9,9,2,1,0,7,4,21,6.3,-6
11,414.0,11,2022-11-09,02114,0,48226,W 128-112,*,30:01,11,19,.579,2,6,.333,9,13,.692,.632,6,7,.857,2,5,7,3,1,0,0,0,30,26.7,25
12,415.0,12,2022-11-11,02114,0,80204,W 131-112,*,34:47,11,15,.733,3,4,.750,8,11,.727,.833,0,0,,0,8,8,8,0,0,3,3,25,22.7,8
13,416.0,14,2022-11-14,02114,0,73102,W 126-122,*,41:04,11,21,.524,0,5,.000,11,16,.688,.524,4,6,.667,0,6,6,6,2,0,5,4,26,16.3,6
14,417.0,15,2022-11-16,02114,1,30313,W 126-101,*,23:11,10,17,.588,1,6,.167,9,11,.818,.618,1,2,.500,0,5,5,0,2,0,3,4,22,12.6,10
15,418.0,16,2022-11-18,02114,1,70112,W 117-109,*,36:49,10,20,.500,3,6,.500,7,14,.500,.575,4,5,.800,3,7,10,7,2,0,7,2,27,19.9,5
16,419.0,17,2022-11-21,02114,1,60612,L 107-121,*,38:03,9,20,.450,4,10,.400,5,10,.500,.550,3,5,.600,0,7,7,2,0,0,5,1,25,11.9,-8
17,420.0,18,2022-11-23,02114,0,75219,W 125-112,*,35:41,13,18,.722,2,3,.667,11,15,.733,.778,3,4,.750,0,4,4,4,2,0,2,2,31,26.4,14
18,421.0,19,2022-11-25,02114,0,95814,W 122-104,*,26:41,9,16,.563,1,4,.250,8,12,.667,.594,6,6,1.000,0,5,5,4,2,0,1,4,25,21.1,5
19,422.0,20,2022-11-27,02114,0,20004,W 130-121,*,34:13,13,23,.565,2,7,.286,11,16,.688,.609,8,8,1.000,2,3,5,2,0,0,2,3,36,25.6,26
20,423.0,22,2022-11-30,02114,0,33132,W 134-121,*,28:04,10,18,.556,1,6,.167,9,12,.750,.583,5,6,.833,3,4,7,5,0,0,6,4,26,16.2,8
21,424.0,23,2022-12-02,02114,0,33132,L 116-120 (OT),*,45:37,12,23,.522,5,11,.455,7,12,.583,.630,8,9,.889,0,14,14,5,0,0,5,2,37,27.2,7
22,425.0,24,2022-12-04,02114,1,11217,W 103-92,*,40:14,10,20,.500,5,9,.556,5,11,.455,.625,9,11,.818,2,8,10,2,2,4,0,2,34,32.4,16
23,426.0,25,2022-12-05,02114,1,51300,W 116-110,*,39:01,9,22,.409,1,6,.167,8,16,.500,.432,3,4,.750,0,8,8,8,0,0,0,1,22,17.4,6
24,427.0,26,2022-12-07,02114,1,85004,W 125-98,*,28:06,9,24,.375,2,8,.250,7,16,.438,.417,5,5,1.000,3,4,7,3,2,0,1,0,25,18.2,27
25,428.0,27,2022-12-10,02114,1,94607,L 107-123,*,37:13,13,23,.565,3,9,.333,10,14,.714,.630,2,2,1.000,1,8,9,3,1,0,2,3,31,23.1,-9
26,429.0,28,2022-12-12,02114,1,90015,L 93-113,*,29:41,9,15,.600,1,6,.167,8,9,.889,.633,2,6,.333,0,4,4,2,2,0,2,4,21,13.5,-26
27,430.0,29,2022-12-13,02114,1,90015,W 122-118 (OT),*,42:44,10,21,.476,3,7,.429,7,14,.500,.548,2,4,.500,2,13,15,5,3,0,4,4,25,19.7,10
28,431.0,30,2022-12-16,02114,0,32801,L 109-117,*,36:38,7,17,.412,4,10,.400,3,7,.429,.529,8,10,.800,0,4,4,3,1,2,7,3,26,13.6,0
29,432.0,31,2022-12-18,02114,0,32801,L 92-95,*,38:52,10,25,.400,2,10,.200,8,15,.533,.440,2,2,1.000,3,11,14,2,3,2,5,3,24,15.5,2
30,433.0,32,2022-12-21,02114,0,46225,L 112-117,*,36:13,8,23,.348,1,5,.200,7,18,.389,.370,2,2,1.000,4,6,10,2,1,0,4,1,19,8.7,-6
31,434.0,33,2022-12-23,02114,0,55403,W 121-109,*,36:54,13,29,.448,3,13,.231,10,16,.625,.500,7,10,.700,3,4,7,3,1,1,2,3,36,23.6,8
32,435.0,34,2022-12-25,02114,0,53203,W 139-118,*,37:27,11,19,.579,5,9,.556,6,10,.600,.711,2,6,.333,0,5,5,4,1,0,4,3,29,18.6,11
33,436.0,35,2022-12-27,02114,0,77002,W 126-102,*,34:49,14,26,.538,6,15,.400,8,11,.727,.654,5,5,1.000,0,1,1,2,3,0,2,1,39,28.7,21
34,437.0,36,2022-12-29,02114,0,90015,W 116-110,*,32:39,12,25,.480,0,8,.000,12,17,.706,.480,5,5,1.000,2,5,7,2,0,0,3,5,29,15.6,5
35,438.0,37,2023-01-01,02114,1,80204,L 111-123,*,34:13,12,20,.600,4,8,.500,8,12,.667,.700,2,2,1.000,2,6,8,3,1,0,0,3,30,25.9,-7
36,439.0,38,2023-01-03,02114,1,73102,L 117-150,*,25:18,11,18,.611,2,7,.286,9,11,.818,.667,5,9,.556,0,1,1,2,0,0,1,3,29,18.7,-28
37,440.0,39,2023-01-05,02114,1,75219,W 124-95,*,29:38,6,12,.500,2,5,.400,4,7,.571,.583,5,6,.833,1,6,7,3,0,2,2,4,19,15.0,12
38,441.0,40,2023-01-07,02114,1,78219,W 121-116,*,38:46,12,26,.462,2,7,.286,10,19,.526,.500,3,6,.500,1,3,4,2,2,2,6,4,29,13.2,3
39,442.0,41,2023-01-09,02114,0,60612,W 107-99,*,38:35,7,21,.333,0,8,.000,7,13,.538,.333,5,5,1.000,1,4,5,3,0,1,4,0,19,7.8,20
40,443.0,42,2023-01-11,02114,0,70112,W 125-114,*,34:46,15,21,.714,3,6,.500,12,15,.800,.786,8,9,.889,4,8,12,0,0,1,2,3,41,34.6,18
41,444.0,46,2023-01-19,02114,0,94607,W 121-118 (OT),*,41:26,6,18,.333,1,4,.250,5,14,.357,.361,3,6,.500,1,8,9,3,1,0,2,5,16,6.8,-6
42,445.0,47,2023-01-21,02114,1,51300,W 106-104,*,41:50,10,23,.435,4,8,.500,6,15,.400,.522,3,3,1.000,2,6,8,6,3,0,5,0,27,20.3,-4
43,446.0,48,2023-01-23,02114,1,32801,L 98-113,*,36:57,10,22,.455,5,11,.455,5,11,.455,.568,1,2,.500,2,3,5,3,1,0,5,1,26,14.2,-20
44,447.0,50,2023-01-26,02114,0,10001,L 117-120 (OT),*,41:32,8,22,.364,1,8,.125,7,14,.500,.386,5,7,.714,2,7,9,2,1,0,3,2,22,11.1,3
45,448.0,51,2023-01-28,02114,0,90015,W 125-121 (OT),*,38:37,13,23,.565,2,9,.222,11,14,.786,.609,9,11,.818,1,8,9,3,1,1,3,5,37,27.2,2
46,449.0,52,2023-02-01,02114,0,11217,W 139-96,*,31:51,8,16,.500,7,12,.583,1,4,.250,.719,3,5,.600,0,3,3,3,0,0,2,0,26,18.2,35
47,450.0,53,2023-02-03,02114,0,85004,L 94-106,*,39:11,9,21,.429,3,12,.250,6,9,.667,.500,6,9,.667,0,8,8,4,3,0,2,3,27,19.7,-5
48,451.0,55,2023-02-08,02114,0,19148,W 106-99,*,17:41,2,9,.222,0,4,.000,2,5,.400,.222,0,0,,0,2,2,3,0,0,2,2,4,-1.6,-2
49,452.0,60,2023-02-23,02114,1,46225,W 142-138 (OT),*,42:31,11,24,.458,3,5,.600,8,19,.421,.521,5,7,.714,5,6,11,3,1,0,3,5,30,20.2,10
50,453.0,61,2023-02-25,02114,1,19148,W 110-107,*,36:57,10,21,.476,2,4,.500,8,17,.471,.524,4,5,.800,1,3,4,3,3,0,4,3,26,16.4,-6
51,454.0,63,2023-03-01,02114,0,44115,W 117-113,*,37:20,6,15,.400,2,5,.400,4,10,.400,.467,2,2,1.000,0,3,3,4,0,0,2,3,16,8.4,2
52,455.0,64,2023-03-03,02114,0,11217,L 105-115,*,43:00,15,27,.556,3,8,.375,12,19,.632,.611,2,5,.400,0,5,5,4,3,1,3,0,35,25.9,-11
53,456.0,65,2023-03-05,02114,0,10001,L 129-131 (2OT),*,47:23,12,25,.480,2,5,.400,10,20,.500,.520,3,3,1.000,2,6,8,1,4,1,3,2,29,21.1,8
54,457.0,66,2023-03-06,02114,1,44115,L 114-118 (OT),*,45:06,12,26,.462,1,7,.143,11,19,.579,.481,7,10,.700,2,11,13,9,0,1,4,5,32,23.1,-1
55,458.0,67,2023-03-08,02114,0,97227,W 115-93,*,25:14,4,10,.400,0,3,.000,4,7,.571,.400,3,3,1.000,0,3,3,3,1,0,2,2,11,6.8,7
56,459.0,68,2023-03-11,02114,1,30313,W 134-125,*,37:45,10,18,.556,1,5,.200,9,13,.692,.583,3,4,.750,0,5,5,7,2,0,1,3,24,21.2,3
57,460.0,69,2023-03-13,02114,1,77002,L 109-111,*,39:11,16,25,.640,4,10,.400,12,15,.800,.720,7,8,.875,1,4,5,2,1,1,2,1,43,34.1,3
58,461.0,70,2023-03-15,02114,1,55403,W 104-102,*,36:32,12,24,.500,5,8,.625,7,16,.438,.604,6,8,.750,3,7,10,1,1,0,2,2,35,25.3,3
59,462.0,71,2023-03-17,02114,1,97227,W 126-112,*,36:32,12,23,.522,2,6,.333,10,17,.588,.565,1,3,.333,3,3,6,5,2,0,4,5,27,17.4,9
60,463.0,72,2023-03-18,02114,1,84101,L 117-118,*,35:07,9,19,.474,4,9,.444,5,10,.500,.579,3,4,.750,0,4,4,6,0,0,0,2,25,19.5,-8
61,464.0,73,2023-03-21,02114,1,95814,W 132-109,*,34:02,10,16,.625,4,7,.571,6,9,.667,.750,3,3,1.000,0,5,5,4,0,0,1,2,27,22.3,20
62,465.0,74,2023-03-24,02114,0,46225,W 120-95,*,33:22,10,23,.435,3,6,.500,7,17,.412,.500,4,6,.667,1,6,7,4,0,0,3,2,27,15.6,11
63,466.0,75,2023-03-26,02114,0,78219,W 137-93,*,36:15,18,29,.621,2,10,.200,16,19,.842,.655,3,5,.600,1,12,13,3,1,0,5,1,41,29.1,28
64,467.0,76,2023-03-28,02114,1,20004,L 111-130,*,26:42,9,19,.474,0,4,.000,9,15,.600,.474,0,0,,1,2,3,4,1,0,4,1,18,9.0,-24
65,468.0,77,2023-03-30,02114,1,53203,W 140-99,*,31:44,13,20,.650,3,5,.600,10,15,.667,.725,1,2,.500,0,5,5,5,1,0,1,2,30,25.0,29
66,469.0,78,2023-03-31,02114,0,84101,W 122-114,*,34:00,5,19,.263,0,5,.000,5,14,.357,.263,2,2,1.000,0,2,2,4,1,0,3,3,12,0.9,-5
67,470.0,80,2023-04-05,02114,0,51300,W 97-93,*,38:55,12,29,.414,1,9,.111,11,20,.550,.431,0,2,.000,1,10,11,5,0,0,4,0,25,11.9,4
1,471.0,1,2023-10-25,02114,1,10001,W 108-104,*,38:08,4,11,.364,0,4,.000,4,7,.571,.364,3,4,.750,0,6,6,5,1,0,2,5,11,6.8,8
2,472.0,2,2023-10-27,02114,0,33132,W 119-111,*,33:37,11,22,.500,3,7,.429,8,15,.533,.568,2,4,.500,2,4,6,1,2,0,4,1,27,16.1,3
3,473.0,3,2023-10-30,02114,1,20004,W 126-107,*,31:32,13,24,.542,8,13,.615,5,11,.455,.708,2,4,.500,0,6,6,2,3,1,0,3,36,29.3,32
4,474.0,4,2023-11-01,02114,0,46225,W 155-104,*,25:28,7,15,.467,0,1,.000,7,14,.500,.467,2,2,1.000,1,6,7,1,0,0,2,3,16,8.3,22
5,475.0,5,2023-11-04,02114,1,11217,W 124-114,*,35:22,7,22,.318,2,11,.182,5,11,.455,.364,7,8,.875,0,5,5,4,0,1,2,4,23,11.4,6
6,476.0,6,2023-11-06,02114,1,55403,L 109-114 (OT),*,39:29,10,21,.476,3,8,.375,7,13,.538,.548,3,4,.750,0,7,7,4,1,0,3,5,26,15.8,-16
7,477.0,7,2023-11-08,02114,1,19148,L 103-106,*,35:32,4,13,.308,2,7,.286,2,6,.333,.385,1,2,.500,0,2,2,2,1,1,4,2,11,2.0,-3
8,478.0,8,2023-11-10,02114,0,11217,W 121-107,*,29:29,10,19,.526,5,9,.556,5,10,.500,.658,3,5,.600,0,3,3,5,1,0,3,0,28,20.3,6
9,479.0,9,2023-11-11,02114,0,51300,W 117-94,*,31:41,12,20,.600,3,8,.375,9,12,.750,.675,2,3,.667,1,4,5,2,0,0,2,1,29,20.3,9
10,480.0,10,2023-11-13,02114,0,10001,W 114-98,*,36:28,7,18,.389,2,9,.222,5,9,.556,.444,6,6,1.000,1,4,5,6,1,1,3,3,22,15.8,17
11,481.0,12,2023-11-17,02114,1,51300,W 108-105,*,35:45,9,14,.643,3,5,.600,6,9,.667,.750,2,3,.667,0,3,3,4,1,1,3,2,23,18.0,4
12,482.0,13,2023-11-19,02114,1,38103,W 102-100,*,33:42,5,16,.313,1,7,.143,4,9,.444,.344,1,2,.500,0,6,6,3,2,2,2,4,12,6.1,1
13,483.0,14,2023-11-20,02114,1,28202,L 118-121 (OT),*,34:01,5,17,.294,0,5,.000,5,12,.417,.294,3,4,.750,1,3,4,3,0,0,2,5,13,2.4,-23
14,484.0,15,2023-11-22,02114,0,53203,W 119-116,*,35:13,10,16,.625,3,5,.600,7,11,.636,.719,3,3,1.000,0,2,2,8,1,0,1,1,26,24.6,-3
15,485.0,16,2023-11-24,02114,1,32801,L 96-113,*,38:53,6,22,.273,2,8,.250,4,14,.286,.318,4,7,.571,0,3,3,2,3,1,3,3,18,5.6,1
16,486.0,17,2023-11-26,02114,0,30313,W 113-103,*,36:28,9,19,.474,2,7,.286,7,12,.583,.526,1,2,.500,1,6,7,3,1,0,2,4,21,12.9,5
17,487.0,18,2023-11-28,02114,0,60612,W 124-97,*,34:47,12,23,.522,3,8,.375,9,15,.600,.587,3,5,.600,2,6,8,6,0,1,3,1,30,22.6,22
18,488.0,19,2023-12-01,02114,0,19148,W 125-119,*,35:08,8,20,.400,1,4,.250,7,16,.438,.425,3,4,.750,1,3,4,0,4,2,3,3,20,11.6,10
19,489.0,20,2023-12-04,02114,1,46225,L 112-122,*,31:29,14,23,.609,2,7,.286,12,16,.750,.652,0,1,.000,2,7,9,0,1,2,3,6,30,19.6,-10
20,490.0,21,2023-12-08,02114,0,10001,W 133-123,*,27:10,7,13,.538,2,5,.400,5,8,.625,.615,1,1,1.000,0,0,0,4,1,1,2,5,17,11.2,18
21,491.0,22,2023-12-12,02114,0,44115,W 120-113,*,34:36,10,17,.588,1,5,.200,9,12,.750,.618,4,4,1.000,1,1,2,4,1,1,3,1,25,19.2,-6
22,492.0,23,2023-12-14,02114,0,44115,W 116-107,*,36:01,10,20,.500,2,5,.400,8,15,.533,.550,0,0,,2,3,5,5,2,0,2,3,22,16.6,4
23,493.0,24,2023-12-15,02114,0,32801,W 128-111,*,29:35,8,15,.533,0,5,.000,8,10,.800,.533,2,3,.667,0,3,3,4,0,1,2,0,18,12.7,20
24,494.0,25,2023-12-17,02114,0,32801,W 114-97,*,33:59,12,20,.600,5,8,.625,7,12,.583,.725,2,2,1.000,1,4,5,6,1,1,2,4,31,26.0,11
25,495.0,26,2023-12-19,02114,1,94607,L 126-132 (OT),*,41:17,10,22,.455,1,4,.250,9,18,.500,.477,7,8,.875,3,5,8,7,0,1,4,2,28,20.6,-3
26,496.0,27,2023-12-20,02114,1,95814,W 144-119,*,29:13,11,21,.524,0,3,.000,11,18,.611,.524,6,7,.857,1,4,5,6,0,0,0,2,28,22.6,22
27,497.0,28,2023-12-23,02114,1,90015,W 145-108,*,29:06,9,17,.529,3,6,.500,6,11,.545,.618,3,4,.750,3,3,6,2,1,0,3,2,24,16.9,29
28,498.0,29,2023-12-25,02114,1,90015,W 126-115,*,32:34,7,17,.412,1,5,.200,6,12,.500,.441,4,7,.571,3,2,5,2,3,0,2,3,19,12.6,9
29,499.0,31,2023-12-29,02114,0,51300,W 120-118,*,40:53,11,16,.688,5,6,.833,6,10,.600,.844,4,5,.800,1,9,10,6,0,0,7,4,31,22.8,12
30,500.0,32,2023-12-31,02114,1,78219,W 134-101,*,26:20,9,13,.692,2,2,1.000,7,11,.636,.769,4,6,.667,1,5,6,3,2,0,2,0,24,22.0,26
31,501.0,33,2024-01-02,02114,1,73102,L 123-127,*,37:43,4,18,.222,0,8,.000,4,10,.400,.222,7,8,.875,2,4,6,3,0,0,4,5,15,2.3,-1
32,502.0,34,2024-01-05,02114,0,84101,W 126-97,*,26:54,5,12,.417,2,4,.500,3,8,.375,.500,1,2,.500,0,3,3,5,1,1,3,2,13,8.5,18
33,503.0,35,2024-01-06,02114,1,46225,W 118-101,*,35:46,13,20,.650,1,4,.250,12,16,.750,.675,4,8,.500,1,3,4,1,0,1,3,0,31,20.6,7
34,504.0,36,2024-01-08,02114,1,46225,L 131-133,*,37:59,17,26,.654,3,4,.750,14,22,.636,.712,3,5,.600,1,4,5,2,0,0,5,2,40,25.3,-1
35,505.0,37,2024-01-10,02114,0,55403,W 127-120 (OT),*,43:09,9,16,.563,4,7,.571,5,9,.556,.688,13,13,1.000,1,10,11,3,2,1,2,1,35,33.5,10
36,506.0,38,2024-01-11,02114,1,53203,L 102-135,*,18:19,5,14,.357,0,1,.000,5,13,.385,.357,0,0,,1,3,4,3,0,0,0,1,10,5.5,-17
37,507.0,39,2024-01-13,02114,0,77002,W 145-113,*,28:27,11,15,.733,4,6,.667,7,9,.778,.867,6,10,.600,1,5,6,2,2,2,3,5,32,26.3,19
38,508.0,41,2024-01-17,02114,0,78219,W 117-98,*,31:17,8,16,.500,3,6,.500,5,10,.500,.594,2,2,1.000,1,6,7,5,1,1,3,2,21,16.9,12
39,509.0,42,2024-01-19,02114,0,80204,L 100-102,*,35:44,6,19,.316,1,9,.111,5,10,.500,.342,0,2,.000,0,2,2,1,2,0,0,3,13,3.4,-2
40,510.0,43,2024-01-21,02114,1,77002,W 116-107,*,30:50,6,14,.429,1,3,.333,5,11,.455,.464,0,2,.000,0,11,11,10,3,0,3,0,13,15.1,4
41,511.0,44,2024-01-22,02114,1,75219,W 119-110,*,36:33,13,22,.591,2,7,.286,11,15,.733,.636,6,9,.667,1,2,3,4,0,2,0,5,34,26.1,-6
42,512.0,45,2024-01-25,02114,1,33132,W 143-110,*,27:20,7,11,.636,4,8,.500,3,3,1.000,.818,0,0,,1,3,4,5,3,0,3,1,18,17.8,22
43,513.0,46,2024-01-27,02114,0,90015,L 96-115,*,24:10,3,13,.231,0,2,.000,3,11,.273,.231,2,2,1.000,5,1,6,2,0,1,1,3,8,3.8,-18
44,514.0,47,2024-01-29,02114,0,70112,W 118-112,*,36:51,8,15,.533,1,5,.200,7,10,.700,.567,5,7,.714,2,9,11,7,0,1,0,3,22,22.4,6
45,515.0,48,2024-01-30,02114,0,46225,W 129-124,*,35:42,9,15,.600,0,3,.000,9,12,.750,.600,7,8,.875,2,4,6,2,2,0,0,0,25,23.7,-6
46,516.0,49,2024-02-01,02114,0,90015,L 105-114,*,27:24,4,12,.333,0,3,.000,4,9,.444,.333,0,0,,3,5,8,7,1,0,3,5,8,5.7,-20
47,517.0,51,2024-02-07,02114,0,30313,W 125-117,*,33:52,7,11,.636,0,2,.000,7,9,.778,.636,1,1,1.000,0,6,6,6,1,0,2,4,15,13.5,-3
48,518.0,52,2024-02-09,02114,0,20004,W 133-129,*,34:43,9,15,.600,0,1,.000,9,14,.643,.600,0,0,,1,6,7,3,1,0,3,3,18,12.5,-15
49,519.0,53,2024-02-11,02114,1,33132,W 110-106,*,37:12,8,16,.500,3,8,.375,5,8,.625,.594,1,4,.250,3,6,9,2,0,0,6,1,20,9.7,3
50,520.0,54,2024-02-13,02114,1,11217,W 118-110,*,37:26,7,19,.368,1,6,.167,6,13,.462,.395,4,6,.667,1,0,1,4,1,0,4,5,19,6.2,9
51,521.0,56,2024-02-22,02114,1,60612,W 129-112,*,32:55,7,12,.583,3,5,.600,4,7,.571,.708,4,6,.667,0,5,5,5,1,1,2,2,21,18.5,19
52,522.0,57,2024-02-24,02114,1,10001,W 116-102,*,34:57,13,24,.542,3,9,.333,10,15,.667,.604,1,3,.333,0,8,8,3,1,0,0,2,30,22.3,15
53,523.0,58,2024-02-27,02114,0,19148,W 117-99,*,34:41,11,14,.786,1,2,.500,10,12,.833,.821,8,10,.800,1,5,6,1,1,0,4,4,31,23.1,25
54,524.0,59,2024-03-01,02114,0,75219,W 138-110,*,30:47,11,20,.550,2,5,.400,9,15,.600,.600,1,1,1.000,1,6,7,5,1,0,0,3,25,21.2,16
55,525.0,60,2024-03-03,02114,0,94607,W 140-88,*,22:23,11,19,.579,5,10,.500,6,9,.667,.711,2,2,1.000,1,2,3,3,1,0,1,2,29,22.7,35
56,526.0,61,2024-03-05,02114,1,44115,L 104-105,*,36:35,8,20,.400,3,7,.429,5,13,.385,.475,2,2,1.000,2,1,3,4,0,0,1,3,21,12.5,9
57,527.0,62,2024-03-07,02114,1,80204,L 109-115,*,41:04,16,29,.552,2,7,.286,14,22,.636,.586,7,14,.500,6,8,14,4,2,0,2,4,41,32.1,5
58,528.0,63,2024-03-09,02114,1,85004,W 117-107,*,34:25,10,21,.476,3,7,.429,7,14,.500,.548,4,7,.571,1,2,3,3,2,0,2,1,27,18.1,6
59,529.0,64,2024-03-11,02114,1,97227,W 121-99,*,32:46,13,29,.448,1,8,.125,12,21,.571,.466,0,0,,3,3,6,5,1,0,0,3,27,18.2,10
60,530.0,66,2024-03-14,02114,0,85004,W 127-112,*,33:26,14,23,.609,5,9,.556,9,14,.643,.717,4,6,.667,0,5,5,3,2,0,1,2,37,29.5,8
61,531.0,68,2024-03-18,02114,0,48226,W 119-94,*,30:24,11,20,.550,3,6,.500,8,14,.571,.625,6,8,.750,0,7,7,3,1,0,3,2,31,22.0,22
62,532.0,69,2024-03-20,02114,0,53203,W 122-119,*,37:05,6,15,.400,2,4,.500,4,11,.364,.467,7,10,.700,4,4,8,2,1,0,1,3,21,15.9,-2
63,533.0,70,2024-03-22,02114,1,48226,W 129-102,*,33:08,13,19,.684,3,8,.375,10,11,.909,.763,4,7,.571,0,4,4,0,4,0,4,1,33,24.5,9
64,534.0,72,2024-03-25,02114,1,30313,L 118-120,*,37:01,10,22,.455,2,7,.286,8,15,.533,.500,2,4,.500,2,2,4,1,2,0,1,3,24,14.3,-2
65,535.0,73,2024-03-28,02114,1,30313,L 122-123 (OT),*,38:49,9,17,.529,0,3,.000,9,14,.643,.529,0,0,,0,1,1,4,2,2,3,3,18,12.0,8
66,536.0,74,2024-03-30,02114,1,70112,W 104-92,*,35:00,6,16,.375,3,4,.750,3,12,.250,.469,2,2,1.000,2,5,7,6,1,1,2,2,17,14.2,4
67,537.0,76,2024-04-03,02114,0,73102,W 135-100,*,32:49,9,20,.450,3,9,.333,6,11,.545,.525,2,3,.667,1,6,7,4,1,2,5,4,23,13.3,8
68,538.0,78,2024-04-07,02114,0,97227,W 124-107,*,29:50,10,17,.588,3,5,.600,7,12,.583,.676,3,3,1.000,0,4,4,2,1,1,2,2,26,19.6,6
69,539.0,79,2024-04-09,02114,1,53203,L 91-104,*,35:32,7,19,.368,0,6,.000,7,13,.538,.368,0,0,,4,6,10,3,4,0,5,3,14,8.0,-13
70,540.0,80,2024-04-11,02114,0,10001,L 109-118,*,28:38,6,15,.400,1,5,.200,5,10,.500,.433,2,3,.667,1,1,2,1,0,2,3,3,15,5.4,-29
1,541.0,1,2024-10-22,02114,0,10001,W 132-109,*,29:54,7,18,.389,5,9,.556,2,9,.222,.528,4,4,1.000,2,5,7,1,1,0,1,3,23,15.6,23
2,542.0,2,2024-10-24,02114,1,20004,W 122-102,*,30:18,10,20,.500,3,6,.500,7,14,.500,.575,4,5,.800,1,7,8,3,4,0,2,1,27,23.1,22
3,543.0,3,2024-10-26,02114,1,48226,W 124-118,*,38:09,6,24,.250,3,9,.333,3,15,.200,.313,9,10,.900,3,7,10,5,1,0,2,2,24,15.1,11
4,544.0,4,2024-10-28,02114,0,53203,W 119-108,*,38:00,10,19,.526,0,4,.000,10,15,.667,.526,10,14,.714,1,5,6,4,0,0,4,2,30,19.3,8
5,545.0,5,2024-10-30,02114,1,46225,L 132-135 (OT),*,43:08,11,30,.367,1,11,.091,10,19,.526,.383,2,4,.500,0,6,6,5,2,2,3,4,25,11.7,-13
6,546.0,6,2024-11-01,02114,1,28202,W 124-109,*,36:30,8,19,.421,0,6,.000,8,13,.615,.421,9,10,.900,3,3,6,5,1,1,1,3,25,20.5,11
7,547.0,11,2024-11-10,02114,1,53203,W 113-107,*,37:25,4,13,.308,1,5,.200,3,8,.375,.346,5,6,.833,0,5,5,4,0,0,1,3,14,8.2,6
8,548.0,12,2024-11-12,02114,0,30313,L 116-117,*,35:56,14,22,.636,3,6,.500,11,16,.688,.705,6,10,.600,2,3,5,2,1,0,6,3,37,23.1,0
9,549.0,13,2024-11-13,02114,1,11217,W 139-114,*,36:02,8,19,.421,2,5,.400,6,14,.429,.474,6,9,.667,2,10,12,4,1,0,0,2,24,20.1,27
10,550.0,14,2024-11-16,02114,0,51300,W 126-123 (OT),*,42:57,8,16,.500,2,7,.286,6,9,.667,.563,9,10,.900,2,4,6,7,0,1,3,5,27,21.8,2
11,551.0,15,2024-11-19,02114,0,44115,W 120-117,*,37:21,7,17,.412,2,7,.286,5,10,.500,.471,1,2,.500,0,3,3,8,1,0,4,5,17,9.0,17
12,552.0,16,2024-11-22,02114,1,20004,W 108-96,*,37:12,11,27,.407,3,13,.231,8,14,.571,.463,6,8,.750,3,8,11,5,0,0,3,3,31,19.5,4
13,553.0,17,2024-11-24,02114,0,55403,W 107-105,*,36:26,10,18,.556,7,10,.700,3,8,.375,.750,2,2,1.000,1,1,2,4,1,1,1,4,29,23.3,-1
14,554.0,18,2024-11-25,02114,0,90015,W 126-94,*,30:45,6,11,.545,3,7,.429,3,4,.750,.682,2,4,.500,0,6,6,4,3,1,3,1,17,15.8,11
15,555.0,19,2024-11-29,02114,1,60612,W 138-129,*,36:50,7,21,.333,4,10,.400,3,11,.273,.429,3,4,.750,1,1,2,4,0,0,3,2,21,8.7,7
16,556.0,21,2024-12-02,02114,0,33132,W 108-89,*,31:10,8,21,.381,4,11,.364,4,10,.400,.476,9,10,.900,4,3,7,4,1,0,2,2,29,21.8,23
17,557.0,22,2024-12-04,02114,0,48226,W 130-120,*,38:31,10,21,.476,1,6,.167,9,15,.600,.500,7,11,.636,1,5,6,9,3,0,4,0,28,23.2,16
18,558.0,23,2024-12-06,02114,0,53203,W 111-105,*,34:28,10,21,.476,3,9,.333,7,12,.583,.548,2,2,1.000,1,2,3,3,0,1,1,3,25,16.2,5
19,559.0,24,2024-12-07,02114,0,38103,L 121-127,*,35:16,10,14,.714,2,3,.667,8,11,.727,.786,0,1,.000,1,2,3,6,1,0,5,3,22,16.1,-17
20,560.0,25,2024-12-12,02114,0,48226,W 123-99,*,29:57,6,12,.500,1,2,.500,5,10,.500,.542,1,1,1.000,1,8,9,6,1,0,4,1,14,11.9,30
21,561.0,26,2024-12-15,02114,1,20004,W 112-98,*,25:43,4,14,.286,2,5,.400,2,9,.222,.357,1,4,.250,0,3,3,4,3,1,3,1,11,5.6,13
22,562.0,27,2024-12-19,02114,0,60612,L 108-117,*,36:27,7,17,.412,1,8,.125,6,9,.667,.441,4,5,.800,1,2,3,4,1,0,3,1,19,11.2,-19
23,563.0,28,2024-12-21,02114,1,60612,W 123-98,*,33:00,9,20,.450,0,5,.000,9,15,.600,.450,1,2,.500,2,3,5,8,1,0,2,0,19,15.1,16
24,564.0,29,2024-12-23,02114,1,32801,L 104-108,*,36:53,15,29,.517,1,7,.143,14,22,.636,.534,4,6,.667,2,7,9,4,3,0,5,4,35,22.6,6
25,565.0,30,2024-12-25,02114,0,19148,L 114-118,*,42:50,10,23,.435,3,6,.500,7,17,.412,.500,0,3,.000,1,6,7,4,2,0,5,4,23,10.4,-1
26,566.0,31,2024-12-27,02114,0,46225,W 142-105,*,37:15,16,24,.667,6,11,.545,10,13,.769,.792,6,6,1.000,3,2,5,3,4,0,1,0,44,41.4,30
27,567.0,32,2024-12-29,02114,0,46225,L 114-123,*,36:25,13,21,.619,2,6,.333,11,15,.733,.667,3,5,.600,0,4,4,6,1,0,2,3,31,23.9,-10
28,568.0,33,2024-12-31,02114,0,51300,W 125-71,*,25:28,6,13,.462,0,2,.000,6,11,.545,.462,0,0,,5,4,9,3,1,0,3,1,12,9.7,11
29,569.0,36,2025-01-05,02114,1,73102,L 92-105,*,39:37,8,19,.421,1,6,.167,7,13,.538,.447,4,4,1.000,0,4,4,3,1,1,3,2,21,12.1,-7
30,570.0,37,2025-01-07,02114,1,80204,W 118-106,*,38:27,6,13,.462,0,1,.000,6,12,.500,.462,2,2,1.000,0,8,8,8,0,0,4,3,14,10.1,5
31,571.0,38,2025-01-10,02114,0,95814,L 97-114,*,35:06,9,19,.474,1,5,.200,8,14,.571,.500,9,11,.818,1,0,1,5,1,1,1,2,28,21.6,-9
32,572.0,39,2025-01-12,02114,0,70112,W 120-119,*,38:36,6,14,.429,0,2,.000,6,12,.500,.429,4,4,1.000,2,6,8,7,0,0,4,3,16,11.5,0
33,573.0,40,2025-01-15,02114,1,51300,L 97-110,*,32:38,4,16,.250,1,1,1.000,3,15,.200,.281,1,2,.500,2,5,7,4,1,0,2,3,10,3.5,-23
34,574.0,41,2025-01-17,02114,0,32801,W 121-94,*,32:40,5,12,.417,1,2,.500,4,10,.400,.458,9,9,1.000,1,5,6,6,3,0,3,3,20,18.8,22
35,575.0,42,2025-01-18,02114,0,30313,L 115-119 (OT),*,42:46,9,27,.333,2,9,.222,7,18,.389,.370,4,5,.800,6,5,11,8,2,0,4,2,24,16.8,-9
36,576.0,43,2025-01-20,02114,1,94607,W 125-85,*,28:33,8,14,.571,1,3,.333,7,11,.636,.607,0,0,,1,3,4,2,0,0,2,2,17,10.6,27
37,577.0,44,2025-01-22,02114,1,90015,W 117-113 (OT),*,38:41,8,15,.533,2,2,1.000,6,13,.462,.600,7,9,.778,0,2,2,6,3,1,5,4,25,18.8,1
38,578.0,45,2025-01-23,02114,1,90015,L 96-117,*,33:02,7,19,.368,3,9,.333,4,10,.400,.447,0,3,.000,2,6,8,3,1,0,0,2,17,10.8,-18
39,579.0,46,2025-01-25,02114,1,75219,W 122-107,*,30:41,10,21,.476,0,5,.000,10,16,.625,.476,2,6,.333,1,7,8,6,0,0,0,4,22,15.1,10
40,580.0,47,2025-01-27,02114,0,77002,L 112-114,*,38:01,10,23,.435,3,9,.333,7,14,.500,.500,5,6,.833,0,4,4,4,0,1,2,4,28,16.6,-12
41,581.0,48,2025-01-29,02114,0,60612,W 122-100,*,35:37,10,18,.556,1,5,.200,9,13,.692,.583,7,11,.636,0,6,6,6,1,0,0,3,28,23.6,23
42,582.0,49,2025-01-31,02114,1,70112,W 118-116,*,34:35,11,18,.611,3,6,.500,8,12,.667,.694,3,4,.750,1,5,6,4,0,0,1,4,28,21.8,2
43,583.0,50,2025-02-02,02114,1,19148,W 118-110,*,41:43,9,17,.529,2,7,.286,7,10,.700,.588,1,2,.500,3,7,10,6,1,0,2,4,21,18.1,17
44,584.0,51,2025-02-04,02114,1,44115,W 112-105,*,28:19,7,12,.583,0,0,,7,12,.583,.583,2,2,1.000,2,7,9,6,0,0,5,5,16,11.1,-9
45,585.0,52,2025-02-06,02114,0,75219,L 120-127,*,32:40,9,16,.563,3,4,.750,6,12,.500,.656,4,4,1.000,0,5,5,2,1,0,3,1,25,17.9,-15
46,586.0,53,2025-02-08,02114,1,10001,W 131-104,*,31:47,5,14,.357,0,3,.000,5,11,.455,.357,2,2,1.000,1,2,3,5,3,1,4,3,12,7.5,9
47,587.0,56,2025-02-20,02114,1,19148,W 124-104,*,26:56,7,13,.538,2,6,.333,5,7,.714,.615,4,4,1.000,3,3,6,6,0,0,3,1,20,17.5,6
48,588.0,57,2025-02-23,02114,0,10001,W 118-105,*,36:37,10,21,.476,2,7,.286,8,14,.571,.524,2,2,1.000,1,7,8,2,2,0,2,2,24,16.7,14
49,589.0,58,2025-02-25,02114,1,51300,W 111-101,*,33:25,10,18,.556,0,5,.000,10,13,.769,.556,4,4,1.000,1,4,5,4,1,0,3,1,24,17.7,5
50,590.0,60,2025-02-28,02114,0,44115,L 116-123,*,33:55,13,24,.542,4,6,.667,9,18,.500,.625,7,10,.700,4,1,5,2,0,0,3,4,37,24.1,10
51,591.0,61,2025-03-02,02114,0,80204,W 110-103,*,36:36,6,15,.400,2,4,.500,4,11,.364,.467,8,9,.889,0,5,5,8,2,2,5,2,22,18.2,10
52,592.0,62,2025-03-05,02114,0,97227,W 128-118,*,39:57,7,23,.304,0,4,.000,7,19,.368,.304,4,6,.667,3,5,8,8,1,0,3,2,18,10.3,15
53,593.0,64,2025-03-08,02114,0,90015,W 111-101,*,41:37,13,25,.520,3,6,.500,10,19,.526,.580,2,4,.500,1,5,6,2,3,0,2,2,31,21.7,11
54,594.0,65,2025-03-10,02114,0,84101,W 114-108,*,38:24,8,20,.400,0,5,.000,8,15,.533,.400,10,11,.909,0,8,8,7,3,1,3,1,26,22.4,17
55,595.0,66,2025-03-12,02114,0,73102,L 112-118,*,37:59,5,15,.333,0,5,.000,5,10,.500,.333,0,0,,1,4,5,2,2,1,2,6,10,3.1,-2
56,596.0,68,2025-03-15,02114,1,11217,W 115-113,*,24:25,3,8,.375,1,3,.333,2,5,.400,.438,1,2,.500,0,6,6,3,1,2,0,0,8,9.5,9
57,597.0,72,2025-03-24,02114,1,95814,W 113-95,*,25:46,4,8,.500,1,3,.333,3,5,.600,.563,0,0,,0,2,2,0,1,0,3,1,9,3.2,-1
58,598.0,73,2025-03-26,02114,1,85004,W 132-102,*,28:19,7,15,.467,4,9,.444,3,6,.500,.600,6,6,1.000,0,3,3,5,1,0,1,4,24,19.1,24
59,599.0,74,2025-03-29,02114,1,78219,W 121-111,*,29:49,6,9,.667,1,4,.250,5,5,1.000,.722,1,2,.500,0,2,2,4,0,0,2,3,14,9.9,1
60,600.0,76,2025-04-02,02114,0,33132,L 103-124,*,28:47,10,20,.500,2,6,.333,8,14,.571,.550,2,3,.667,2,7,9,4,0,0,3,2,24,16.1,-1
61,601.0,77,2025-04-04,02114,0,85004,W 123-103,*,28:27,10,16,.625,3,4,.750,7,12,.583,.719,8,9,.889,0,5,5,3,0,0,1,0,31,26.0,21
62,602.0,78,2025-04-06,02114,0,20004,W 124-90,*,21:34,5,9,.556,2,4,.500,3,5,.600,.667,3,4,.750,0,2,2,5,0,0,1,0,15,13.4,13
63,603.0,79,2025-04-08,02114,1,10001,W 119-117 (OT),*,21:39,2,8,.250,0,2,.000,2,6,.333,.250,2,2,1.000,0,5,5,1,0,0,3,3,6,-0.8,-2
